author,contenttext,date,title
pinkidd (pinkid書念不完了),"
沒看過漫畫動畫，看ptt都說是搞笑和潛水主題
就直接去看了，沒想到比想像中更好看

整部片在陸上時都在搞笑，反而水下卻正經八百
全劇50%都在看二個男主角裸奔
另外因為本身有潛水執照
看到劇中很仔細的教潛水手勢、面鏡排水、
使用同伴的備用二極頭呼吸等等教的很詳細
這些細節反而比海中美景更讓我感動！

看完後Vamos的旋律一直在腦中，我明明沒喝酒，
今早醒來卻有種宿醉的感覺...

--
",2020-10-27 14:45:41,[ 好雷] 碧藍之海劇場版，適合愛潛水和喝酒的人
hsinofkids (stairway to heaven),"
在電影台剛好轉播

中間一部分剛好沒看到

在落海的其中一天代理士官說有看到島

然後帶著士兵幫他划船過去

後來有在交代他的後續嗎？

--
",2020-10-27 11:31:50,[請益] USSI:勇者無畏 微雷
LimSinE (r=e^theta),"
一個字盯著看久了，會覺得像別的東西
一部電影看很多次，也會找到不一樣的東西。以下防雷









~*-*~*-*~*-*~*-*~*-*~*-*~*-*~*-*~*-*~*-*~*-*~*-*~










~~~~~~~~~~~~~~~~~~~ 雷文 主文分隔線 ~~~~~~~~~~~~~~~~~~~~~~~~~~~~~~~~~

前天回想電影的時候(沒錯，本劇就是有令人看完還一再回想的魔力)，突然想到一件
有點奇怪的事：

高三阿漢和Birdy經歷很多事情，是本劇情感轉折的關鍵。但是印象中所有的事件
幾乎都是穿著夏季制服。

考慮到當時不像現在有「彈性換季」的概念，一般換季時間都是11月1日和5月1日。

難道中間半年都沒有戲嗎？但高三這整段一環扣著一環，要去哪空下這半年呢？

註：高三冬季制服的戲其實是有的，若你早就注意到了，也很好。但本文也不僅要
解答這個問題，分析過程很有意思，結論個人認為很驚人，歡迎繼續閱讀。

1. 首先清點高三到底發生哪些事情及相關性(以[]表示緊接發生的原因)

開學(大巴嗆Birdy怪咖、阿漢離開舊同學和Birdy走)
→
[開學新規定大執法] 教官亂入團練(Birdy班班合力嗆教官)
→
[阿漢首次感到妒意，驚覺對Birdy的愛]阿漢向學弟請問同性戀相關問題

軍歌比賽練習時間 Birdy被追打逼跳樓
軍歌比賽(Birdy不理阿漢卻理班班)
→
[阿漢再度感到妒意]教堂禱告
→
[聽從Birdy建議]阿漢划船約會，從Angel那學到WANAN
→
[阿漢馬上轉傳WANAN訊息]氣球事件
→
[阿漢認為氣球給班班，自暴自棄]公園事件

車禍
→
[推論是Birdy傷後第一次洗澡]浴室戲
→
[Birdy覺得這樣不行]Birdy冷漠對待阿漢(有2幕)
→
[阿漢因為Birdy冷漠妒火中燒，電影暗示阿漢告密]懲處公告
→
[此後都是時間連起來的戲] 辦公室大戰、阿漢家爭執、澎湖行(0520日開始)

看起來只有少數幾個地方可能間隔比較久，而且因為0520日澎湖行就出發了，
所以夏季制服中高三下的部分所有的事情擠在在20天內，因此我猜從車禍開始是下學期
5月之後的事，畢竟車禍不會有甚麼動機，就只是意外。哪時發生都不會有問題。

2. 但是最保險的，還是再刷一次關注服裝，其實他們的服裝很有意思

  「穿制服時喜歡穿短袖，穿便服時喜歡穿長袖」

  制服的部分，除了謁陵(降半旗、謁陵、MTV)和加拿大片尾街頭彈唱之外，只有是
  Birdy冷漠對待阿漢那2幕是冬季制服，其餘的都穿夏季制服

  便服的部分，除了舍監查內務、浴室霸凌(撥核桃、尿車子)、阿漢家晚餐（後來和
  媽媽討論甚麼是愛）、阿漢接電話猜猜我是誰（和Birdy騎機車兜風）、阿漢的春夢
  (睡醒、洗內褲)、阿漢媽媽移動風扇以及公園事件這些地方是短袖，其他都是長袖。
  [這部分更可以整理成，除了升高三暑假以外，就只有公園事件穿短袖便服]

3.如此一來我們可以拼湊出到底高三冬天發生甚麼事

  車禍時阿漢著夏季制服找Birdy，但當時可能快要換季，譬如10月底。
  接著浴室戲本身時間不明(因為在洗澡...)，但之後Birdy變冷漠2幕就是冬季制服

  Birdy：我可以自己來啊...
  Birdy：我吃飽了，你慢慢吃吧...

  可憐的阿漢，去年冬天謁陵之旅是他們的感情萌芽的時候，在MTV試探、在點唱機旁
  講著曖昧的情話、在臺北街頭在對方外套的溫暖中依偎而睡；今年卻迎來史上最冷的
  冬天...
  隔年5月服裝換季了，Birdy傷也都好在打籃球，阿漢的冬天卻沒有結束的跡象...

  即將畢業的阿漢選擇告密(電影暗示，小說明示)，拆散Birdy和班班；然而所造成的
  嚴重後果卻是他始料未及的。

4.個人覺得補上這段時序觀察之後，更能共感阿漢的情緒，那不僅是嫉妒吃掉了心啊

  那是快凍僵的心最後的跳動。本劇把這一段以2小幕帶過失去這個感覺，非常可惜。

5.疑似會出現一個bug，如果車禍發生在10月底，那軍歌比賽勢必更早，可是
  Birdy卻說練了2個多月。假設9月開學才練會衝突，但也可能暑假就開始練了，畢竟
  是代表學校參加校外比賽。

--
",2020-10-27 02:03:41,[討論](有雷)刻在你心底的名字 阿漢最冷的冬天
zzauber (zauber),"
雷文防雷資訊頁

親愛的房客 Dear Tenant (2020台灣電影)



劇情簡介:

林健一不只看護生病的房東周秀玉，還收養她9歲的孫子王悠宇。他的行為看似超出普通
房客，但其實這都是他思念一個人的方式。

然而在周秀玉過世之後，他的動機開始受到質疑。在檢警調查之下，發現越來越多對健一
不利的證據……

擅於處理人際關係及身分認同的導演鄭有傑，睽違五年的新作挑戰在陰暗的故事線下，刻
畫愛的極限與界線，懸疑中暗藏他擅長的溫暖基調。觀眾隨著敘事遊戲峰迴路轉、抽絲剝
繭，現實亦或記憶，是真是假，孰善孰惡，世界豈是非黑即白？由莫子儀、姚淳耀、是元
介等全演員陣容，引領觀眾親身深入眾角色矛盾的內心世界。

………………………………………………………………

~*-*~*-*~*-*~*-*~*-*~*-*~*-*~*-*~*-*~*-*~*-*~*-*~



~~~~~~~~~~~~~~~~~~~ 雷文 主文分隔線 ~~~~~~~~~~~~~~~~~~~~~~~~~~~~~~~~~





導演鄭有傑再度交出好作品！    這部電影好沈靜，配樂很少，一些場景: 高山綠野、基
隆海邊……挺美的，對話也是平平淡淡的，雖然故事情節是戲劇化的，但呈現出來的，是
自然、寫實、感人、殘忍的，另一方面，是竟令我感到警世的！

男主角莫子儀演出超讚！他已經入到那角色裏，令人為之動容。其他角色的演出，搭配剝
洋葱的劇情，有點懸疑，到收尾的狀況，令我靜默，不知該說什麼。為避免收尾爆雷，只
能說這結局，我很欣賞。

個人滿意度75/100.

以下有劇透、爆雷！請慎入。












這部片對一些人而言，很感人吧？但我另一方面，對於一些橋段，感到很警世:

1.主角健一為什麼在片中看到他，甘願做，歡喜受？看到最後，除了純粹愛悠宇的父親王
立維、受他之託付，另外是他有罪惡感吧？悠宇父親的離婚，有部份原因是健一仍深愛他
，聯絡不到他，卻在網路上找到他妻子，對他妻子在網路上大秀恩愛而不滿，爆料丈夫是
gay，造成夫妻心生芥蒂……一起登山的健一，因故將這事告知他，造成健一不爽而離開
，又因為高山病？而去世……

主動爆料已婚男人的太太，說丈夫是gay?是對是錯？無關對錯？

對愛人失聯，後來發現他去結婚，卻仍念念不忘，甚至爆料，何苦呢？為何不能夠放下，
重新找下一個男人呢？

是否有高山病？對於登高山者而言，是重要的。冒此風險去登山，是否該早點提高警覺？

對一些事不該重提卻又提起，實在是……

2.主角健一從非正常管道取得藥物，得知服用劑量的風險，卻讓悠宇看到藥物的置放處。
好死不死的那天晚上，偏偏就讓悠宇協助奶奶服藥……若是那天不要那麼剛剛好……唉…
…一切都是天意！？

難怪健一要為悠宇扛下罪責！

一些劑量過量會致命的藥物，最好是小孩子不要拿到！？或是告知讓小孩知道？

以上是我看此片的警世感嘆點。

這片的劇情的懸疑帶著感人的因素，是編劇的巧思，也是這片的亮點。

結局看到悠宇把自己創作的詞曲，從上海郵寄送給基隆的健一。感受到健一、悠宇二人彼
此的愛，遠距離地在交流著。悠宇的歌曲很動人！是叫健一放下，重新追求自己的幸福吧
？我自己的解讀。

悠宇和叔叔立綱在上海一起生活了吧？

健一無罪釋放，過自己的生活了吧？

自己的OS: 健一，請你消除罪惡感或歉疚，放下對這家人的愛或依戀，重新尋找新的愛吧
！

親愛的房客
Dear Tenant

--
",2020-10-26 23:50:57,"[好雷] 親愛的房客, 台灣, 2020"
mellyliu (),"
推薦喜愛看真實情感的人來看這部《親愛的房客》
演員們都很投入在這齣戲劇作品裡，導演的手法也很細膩流暢，
會讓人一再想看下去，但先說，這齣劇情頗沉悶，
以下有雷：
..
..
..
..
..
..
..
..
..
..
..
..
..
..
..
..
..
..
..
因為有很多悲傷的議題在其中，男主角莫子儀在這齣飾演健一。

健一就是一個非常悲情的角色，他很壓抑常哭同時也是個倒楣鬼。
跟男友去爬山的時候，在帳棚裡吵了一架，隔天男的高山症就意外往生。
健一背負心中的愧疚照顧起他男友的媽媽（以下簡稱婆婆）和小孩（男友跟前妻生的），
結果婆婆糖尿病沒有控制好，腳上的傷口潰爛，靠著吃止痛藥讓日子好過一點，
健一為了順從婆婆，跟他的肉體伴侶買來路不明的止痛藥，結果是二級毒品，
他的肉體伴侶叮嚀要給老人家吃的話不能超過半粒，然而他帶回家之後，
半夜婆婆喊疼，要孫子拿止痛藥給他吃，還說要吃到四粒，就這樣婆婆隔天往生了，
健一被婆婆的小兒子懷疑是預謀殺人，再加上健一也為了要隱瞞真相，
就被關了一陣子，直到檢察官抽絲剝繭找出真相，才讓健一重獲自由。
總之，整齣電影是悲傷的基調。


健一很常哭，各種場境各種哭，而且都哭得很到位。
雖然這麼沉悶，演員的演技還是值得一看，畫面也拍得很美。
雖然我裡面還是有不太懂的地方，
好比說健一在男友死後情緒很壓抑，他透過APP約炮，
然後一邊運動一邊懺哭痛哭極其悲傷
電影院裡面在這時候也有人跟著啜泣...

反而我有鼻酸的點，是在陳淑芳飾演的婆婆喊著疼的那一聲聲，
她說她不要吃藥、洗腎、截肢，反覆地說出她的恐懼，
還有後來她因為糖尿病失明時的表現，詮釋地真動容！我看好她拿今年的金馬獎！
光那幾幕的詮釋看得出她真的很有能量......

看過幾場導演的分享，希望傳達出來的是愛情，不要侷限在性別。
不過老實說，健一看立維的眼神很有愛...很有穿透力和感染力的表達...
莫子儀的表演讓我真的相信他好投入！（入粉了）







--

就像海邊的曼徹斯特也是很沉悶的片，它所傳遞的悲傷卻令人窒息。好片！

這部親愛的房客，婆婆跟健一的互動生活，因為婆婆的病痛難耐，觀影的感受也隨之難受，
再加上一直到最後才解謎立維離開的原因，低氣壓壟罩著整部片。好片！

",2020-10-26 17:38:07,[好雷]親愛的房客之這房客也太愛哭了吧
dro001 (風雲),"
很多年前的片子了 最近對宋氏三姊妹有興趣又拿出來看了一次

很少聽到這部片被列為經典 但小弟覺得以史料片來說 還蠻不錯的

演員都是一時之選 楊紫瓊/張曼玉/鄔君梅演主角三姊妹 姜文的宋查理

趙文瑄的孫文 吳興國的蔣介石

時代感也很強 這麼多年拿出來看也不覺得過時 對孫文和蔣介石也沒有過度神化或醜化

對照後來的史實也沒有偏離太多的地方 最重要的一點 電影的歌曲都很好聽 讓人很惆悵

電影主要集中在三姊妹的前半生 到抗日戰爭結束 也是三姊妹最具戲劇化的部分

大姊宋靄齡戲份最少 無可厚非 畢竟歷史裡比起兩個妹妹她算是一個藏鏡人的幕後角色

不過楊紫瓊把她的精明俐落表現出來

張曼玉的慶齡 鄔君梅的美齡也蠻有本人歷史形象

以當年1997的時代背景來說 能拍出這樣的水準 算是小弟的經典片單之一

希望未來有更多史料發掘出來後能再拍一次傳奇三姊妹的故事

--
",2020-10-26 16:18:59,[好雷] 宋家皇朝
a122239 (Sharp),"
部落格版：

很喜歡映後時導演鄭有傑所問的，在這個世界上有沒任何一個人、一件事或是一個什麼東
西，是少了會很輕鬆，但擁有著會很快樂的？以《親愛的房客》入圍金馬獎最佳原創音樂
的法蘭就說，對她而言「音樂」就是這麼樣的一個存在，於是我們知道這個人、這件事或
是這個東西，可以是有形體的也可以是沒有形體的，那是一個沒有標準答案可是每個人心
裡都有一個答案的存在。導演鄭有傑的《親愛的房客》其實就好像這個問題與答案，「房
客」原來可以是任何人心裡的那個人、那件事與那個東西，而「親愛的」三個字是自己對
自己、以及心裡的那個人、那件事與那個東西的親暱囈語，是掛念亦是思念，是只有自己
知道的祕密。看完《親愛的房客》後沒有大哭，反而相當平靜，有點難以形容看完的感受
，澀澀的、甜甜的又有點苦苦的，忍不住想的是，愛字寫起來簡單，那麼我們能不能就好
好的愛就好了呢？

《親愛的房客》裡的主角們，有的有血緣關係，有的則沒有。導演鄭有傑想探討的，無非
是當愛分別建立在了有血緣的關係之上與沒有血緣的關係之上，愛的本質是否會因此而有
所不同？而有血緣關係的愛是會肯定比沒有血緣關係的愛來的堅韌、還是沒有血緣關係的
愛註定就是比有血緣關係的愛來的脆弱？而這兩種關係的愛產生了衝突之時，誰的愛才是
真的愛？誰的是無私的奉獻、又誰的愛是與利益有關的？好多好多的疑問不停隨著劇情被
拋出，導演鄭有傑透過連串發生的事情，去逐一解開關於愛的謎題，試著讓這些角色去怨
對方、去不諒解對方、去責怪對方、試著脫掉對方穿在「愛」身上的武裝，以最赤裸的樣
子站在自己眼前，似乎唯有這樣才有辦法確認清楚，對方是真心的還是假意的，當確認過
後才可以說服自己、讓自己學著去原諒、去接受不同於自己的愛、去承認這個世界上的愛
是有好多種的，同性異性的愛也好、有血緣無血緣的愛也好，只要真心愛著其實都是一樣
的。

當然《親愛的房客》所講的不只有這點，導演鄭有傑亦透露著自己對於同性伴侶於社會所
面臨到的處境的不忍、對於家中上了年紀的長輩以及未成年孩子卻無人照護的擔憂等等，
而這些又可套回到最前面講到的，要想要輕鬆一點大可以選擇離開，把責任丟給別人，談
分手、把老人家送進養老院、把孩子送給別的親人或是學校照顧，但倘若裡頭涉及了愛，
是不是就無法輕易的說走就走，走了也許輕鬆，可是卻沒了快樂；留下也許疲倦，可卻是
甜蜜的負擔。導演鄭有傑把自己對愛的本質看法、那些難分難解的愛恨之觀察都放入了電
影裡，用角色們的歡笑與淚水交織成了這部《親愛的房客》，值得一看。


《親愛的房客》倒著說一個關於林健一與其他和他有關係的人的故事，觀眾看著林健一被
銬上手銬走進法庭，與檢察官兩個人相互對望著，難免會對林健一這個人感到好奇，會想
知道為什麼這個人在這裡？他犯了什麼罪？他抑鬱的眼神裡有著什麼樣的秘密。越是好奇
就越是想認識，導演鄭有傑也知道這點，於是在以一場法庭戲作為開場之後，他接著再回
過頭去從頭把故事用順序法說一次，然而這樣還不足以令故事完整，所以偶爾的他會用插
敘去替部分情節作補充，讓這個故事以及故事裡的每個人變得豐富而立體。我很喜歡導演
鄭有傑說故事的方法，他讓觀眾不是從剛開始就認識這些角色，而是慢慢的慢慢的去沿路
拾起碎片拼湊，去靠自己的解讀來認識每個人，這是非常有趣的一件事，因為這代表著有
幾位觀眾就有幾種解讀方向，有人會認同就有人無法接受，對林健一、對周秀玉、對王立
綱甚至是過世的王立維，「標準答案」從來不存在於這部電影裡，它會因為不同的立場、
身分、角度而讓公式重組，解出來的答案自然也就不同、觀眾對角色的想法亦是。

「如果今天我是女生，我的丈夫死了，妳還會繼續問一樣的問題嗎？」

但是取得統一答案本就不是導演原意，用「不同」去衝突、去衝撞，進而去激盪出「認同
」，不用相同而是要認同。大至電影本身小至電影裡的角色，《親愛的房客》不尖銳卻仍
劃的人鮮血泊泊流出，很直接的點出多數人面對與自己認為的不同時會有的反應，可能不
是故意的而是下意識的，可是往往就有許多人會因這下意識的本能反應感到受傷，例如當
林健一對著檢察官說出他與周秀玉以及她兒子王立維的關係，檢察官或許是按照流程來對
林健一進行提問，不過那些問題聽在林健一耳裡可能就多了別種意思，「為什麼王立維死
了，你（一個男人）不選擇搬走還願意留下來照顧周秀玉（對方的母親）？」，在其他人
的認知裡夫妻關係永遠都是一男一女的組合，而不是像林健一與王立維兩個男人的在一起
，既然如此就很容易下意識的忽略掉了林健一該扛起的「（照顧已逝另一半的父母）責任
」，可誠如王建一無法理解的回應，假使今天他是個女生，和王立維是合法也正常的夫妻
關係，那麼今天他選擇留下來無怨無悔、不求回報的照顧周秀玉還有被留下來的孩子王悠
宇是否就沒問題了？

同樣的感受在電影中有好多，當王立綱發現母親遺留下的財產過戶給了孫子悠宇、而那麼
恰好的在此時林健一收養了悠宇時，忍不住想著是林健一知道這件事所以下手毒害了母親
，他這想法造成了後續連串的問題，更拆散了林健一與王悠宇，看的時候會很討厭王立綱
，會想他是不是就跟王立維談到他弟、周秀玉聊到這兒子時說的一樣，是為了財產才想將
林健一趕走？然後來覺得他其實並沒有錯，他提出的質疑是情有可原的，跟檢察官提出林
健一堅持留下來當房客的理由相似，為什麼林健一不走反而還要扛下撫養和他沒有血緣關
係的王悠宇的責任？要他相信不是為了財產實在不可能。後來當王悠宇從其他大人口中得
知林健一的事，氣憤的問著他到底是什麼人、為什麼要對他這麼好、是不是真的為了利用
他...的時候，我才恍然大悟到，導演鄭有傑想透過電影真正想問的，其實是世界上到底
真有沒有沒有目的、沒有理由，單純只是因為愛而愛著的愛存在？沒有性別上的限制、沒
有血緣關係的阻礙、沒有利益的紛擾，而就只是單純一個愛字。


「其實我內心早已經沒有怨你了。」

「所以你也不要再繼續怪自己了。」

對我而言，感動的點不全然是因為周秀玉認同了林健一與兒子之間的愛，也不是她很自然
的問著眼前那位曾經怨到不行的男人關於收養她孫子的事，而是電影裡的那些原諒、和解
、接受與坦然、釋懷。愛人很容易，不愛了卻很難，同樣的，恨人很容易，可要放下卻不
是件簡單的事，不管是對別人還是對自己都是，王立維的過世他比誰都來得懊悔，也比誰
都來得無法原諒自己，某方面來看，他的選擇留下與照顧周秀玉與王悠宇，像是種贖罪，
盼望藉由這樣的決定來消弭一些心中的歉疚，他甘心付出自己的全部來照顧他們，是因為
愛也是因為罪惡感，他從頭到尾都在壓抑著、忍受著，直到周秀玉親口對他說她早已經原
諒他了，那個瞬間他始終緊繃的壓力獲得釋放，長久以來背負著的都隨著淚水傾瀉而出，
最困難的那一關度過去了，未來即使沒有陽光普照也該會是萬里無雲。

「你會很快樂嗎？我飛到你在的地方，我會很快樂嗎？在夢裏一起回家。」

《親愛的房客》是一部因愛而生的電影，在一個因愛誤解的地方開始，在一個因愛和解的
地方結束，聽著王悠宇唱著他自行接續完成的林健一的創作，那時內心是與那頭聽著的林
健一有著同樣的澎湃激動。我很喜歡《親愛的房客》這部電影，感受的有好多，思考的有
好多，當看完整部電影，再回頭去想著那兩句話「沒有我你會比較快樂」、「但有你我會
比較快樂」反而比電影當下感動更多。莫子儀與陳淑芳表演著實強大，兩個人都是壓抑著
的，儘管因著不同的原因，他們將內心裡壓抑的那部分轉化成別種情緒宣洩，是洩慾、是
洩憤，而中間那場告白戲，她從放下裡獲得解脫，他從被原諒裡獲得救贖，兩人的真誠相
對是《親愛的房客》裡最精彩的一段。

莫子儀以本片拿下台北電影獎最佳男主角，很看好他能再奪金馬，雖然還沒看過《男兒王
》李國煌與《手捲菸》林家棟的演出，可從已看完的《怪胎》與《消失的情人節》的話，
很顯然的莫子儀的角色難度是比林柏宏與劉冠廷還來得高的，而原本我希望最佳女配角能
頒給《馗降：粽邪2》的陳雪甄，因為她那一句「我好痛苦啊」的猙獰面貌著實嚇人，沒
有她電影不會那麼精采，但看完《親愛的房客》後我有點跑票了，想投給陳淑芳一票，她
把一位明明很希望孩子幸福就好卻本能還是無法接受孩子愛上同性的母親詮釋的很好，不
管是內心的掙扎拉扯，還是對兒子伴侶恨不下去也愛不下去的痛苦矛盾，觀眾彷彿是直接
站在她的床邊感受她的情緒起伏，同時她又得面對病魔纏身，一場她吃著餅乾躺在病床上
聽著隔壁病人與護士的對話，忍不住望著對方因病截肢的雙腿，她緩緩轉過頭來愣著像在
思索什麼，臉上的擔憂與驚恐不言而喻，她把周秀玉演得太好了。

--
",2020-10-26 13:27:21,[好雷] 《親愛的房客》，有你我會很快樂。
a16628667 (happy postu),"
雷文防雷資訊頁



~*-*~*-*~*-*~*-*~*-*~*-*~*-*~*-*~*-*~*-*~*-*~*-*~



~~~~~~~~~~~~~~~~~~~ 雷文 主文分隔線 ~~~~~~~~~~~~~~~~~~~~~~~~~~~~~~~~~

底下會提及《Carol》跟《CMBYN》的微劇情喔，雖然這兩部一段時間了，但可能有人沒看
過就防一下。



其實看完真的很納悶純以這部片本身的程度口碑怎麼會打得這麼好。

行銷手段開了一堆QA場或還有什麼歡樂K歌場，有效結合演員魅力延伸到戲外引起一陣熱
潮，行銷企劃是真的強；而近年同志題材也算是火紅(先不論正反立場)，再加上瞿友寧的
劇本跟監製，讓人期待值很高，喔還有電影同名主題曲也好聽，有這麼多好牌，當然很吸
引人進場。

不過也就這樣了，看完電影之後真的覺得匪夷所思。

剪接這問題已經被講到爛了，不過真的很欠講，這部片從一開始就可以看出來剪接很有問
題，導演問題更大，鋪陳跟角色建立明顯不足，真的很多是靠演員魅力去硬撐的，然而硬
撐的結果就是雖然看得到演技卻無法看到更多元的面向與劇情的連貫性及角色深度。

有些人用小情小愛為點來批評，但很多愛情片講白了就都是小情小愛啊，很多也都是一見
鐘情，但為什麼有些愛情片能好看？像《Carol》、《Call me by your name》、《春光
乍洩》、《樂來樂愛你》，哪一部發展不快速？

但他們有做到基本的場跟場之間的連結，很多場裡面放的事件可能隱晦、情緒幽微，但當
連得好變成一條完整的線後就能一個接一個變成能反饋給觀眾，無論是情緒或隱藏在劇情
背後的意象也好，這都是需要堆疊的。

《Carol》裡面我能光從一場：魯尼馬拉第一次去凱特布蘭琪家中，兩人發生的小不愉快
，就很明瞭凱特布蘭琪的背景、家庭、她們之間的阻隔、魯尼馬拉的好感以及她們的互動
(一主動一被動，彈琴的撫肩動作)等等。

《Carol》片中很自然地帶出一個事件，事件背後帶出主角性格跟背景；《刻在》有事件
，但嚴重斷裂，鋪陳不足，剪接紊亂，片中前大半段都在阿漢跟神父的對話以及進行式劇
情做交叉，這種做法可以，可是你情緒斷點都不到位(味)，每次跳到神父那段只覺得有夠
突兀。

神父這角色可以猶如Call me裡的爸爸角色一樣在最後的一番自白給觀眾一個強烈襲擊，
又讓觀眾對於這個角色跟主角之間的呼應性大大產生共鳴；《刻在》的神父對我來說其實
有讓我想到，只是弄得很失敗，甚至對白也很乾硬，很刻意，當他在阿漢有點崩潰崩潰的
時候接一句：「嫉妒是一條蛇」，又或者狂唸七宗罪那邊，然後配一個有點激動的情緒，
我只覺得很想笑。

阿漢的部份基本上也就是看到他一直不停地吼叫，陳昊森的表演雖彌補了部份劇本跟導演
的不足，但剪接又害了他，很多時候剪接是能大大地幫助演員的表現，這點真的很可惜，
看完會覺得金馬入圍實至名歸(把一個可能會極無聊的平面角色呈現地有魅力已是極大功
勞)，可是得獎機會不高。

Birdy則寫的更平面，超無言，導致我覺得也限制了曾敬驊表演的空間。他在假裝演電影
角色的那邊會覺得很像導演硬套上去他一個所謂「狂放不羈」的角色，所以他愛電影，他
很反骨，然後又安排一個有人進來抓他們的橋段，呈現一種青春無敵、兩人小浪漫感，我
覺得老套可以、狗血可以，但氛圍弄不起來一切就淪為尷尬跟問號；龍劭華來學校打他那
段也很讓我覺得：「還真的就這樣演喔？」，嗯嗯我知道Birdy對白中有直接說出自己爸
爸說不想生下他啥的去試圖建構他家庭帶給他的影響，但還是各種突兀就對了，有些地方
我都替他們尷尬，演員真的辛苦了，撐了好多東西。

其實整部電影很像MV串起來的長片，攝影滿加分的。而且要不是柳廣輝導演有說是過去的
親身經歷改編，我還真覺得沒必要設在這個年代，年代感沒有帶到很深刻，而那種無法言
喻的情感之於那個年代的感覺我覺得也沒有帶出來，一樣就是靠片段片段的事件稍微呈現
，那種「大時代下的刻苦銘心」，嗯...無感；如果今天單純是設在現代，單純描述兩個同
志也沒有出櫃的那種，在沒有時空背景的「幫助之下」，我覺得以導演這部來看可能完全
拍不出所謂的「阻隔」。

另外好像有些人覺得戴立忍的回眸捂嘴很出戲，但我覺得他演得非常好，一顰一笑都有一
種中年同志感，不那麽明顯、張揚，卻能感受到他的情感，跟他上次入圍男配角的大佛普
拉斯裡的角色完全是兩個人，厲害。

王彩樺跟林暉閔的角色雖然戲份少但也演得恰如其分，令人印象頗深的。

金馬入圍的獎項真的就是這部片能看(聽)的地方，金馬真的獨具慧眼。

最後就覺得這部片還是重金禮聘雷震卿老師看有沒有機會弄好吧，「誰先」初剪版本一開
始也是全劇組皺眉，弄了四個版本後面才變好，我覺得這部片很需要重剪(拍？)。





--
",2020-10-26 11:34:30,[負雷] 刻在你心底的名字—行銷有刻到 其他沒有
Seraphina (巧克女孩),"
雷文防雷資訊頁







~*-*~*-*~*-*~*-*~*-*~*-*~*-*~*-*~*-*~*-*~*-*~*-*~










~~~~~~~~~~~~~~~~~~~ 雷文 主文分隔線 ~~~~~~~~~~~~~~~~~~~~~~~~~~~~~~~~~

沒看過動畫，是陪朋友來看這部片的
一開始看到動畫劇場版還擔心是雷
但反正朋友請客要看，免錢的就看吧（欸）

一開始開頭有點玄幻，還以為是什麼魔法超能力詛咒之類的元素
還以為是要解開謎團的偵探片還是中二的異次元片
結果完全沒有這麼複雜
發展超乎預期的爆笑
一連串的怪事原來只是ㄎㄧㄤ了！
滿滿肌肉加上超多笑梗跟誇張的動作效果
讓人忍不住一直想看下去XD

看到後面才懂片名所謂的「碧藍之海」原來是指潛水啊
整部片除了賣肉以外也有潛水教學
感覺看著看著也隨著主角一起認識潛水裝備，深入海底認識另一個世界了！
很感動真人化的劇場版能看到這樣的海洋美景～
如果我的大學回憶也這麼精彩就好了XD

總之是充滿歡樂的一部片！
沒看過原作也會覺得很有趣喔！


--
對，就我XD 看完電影有想追動漫看看XD
你的名字那段也很ㄎ一ㄤ，但看的當下不知道是原橋段還是劇場版設計的
的確！算不造假式的美景吧XD
還不錯啊～很歡樂，從頭笑到尾
真的XDD
我好在意瓶中信為什麼也是這句啦
",2020-10-26 04:28:54,[好雷] 碧藍之海劇場版-充斥青春鮮肉肉體
witness0828 (海員傑克),"
雷文防雷資訊頁



~*-*~*-*~*-*~*-*~*-*~*-*~*-*~*-*~*-*~*-*~*-*~*-*~









~~~~~~~~~~~~~~~~~~~ 雷文 主文分隔線 ~~~~~~~~~~~~~~~~~~~~~~~~~~~~~~~~~






今天看了這部2019年的作品 許怨房


看完的感覺只有覺得「可惜了」




整體來說 對於不喜歡恐怖.B級血肉片的我來說 這部的調性我滿喜歡

但驚悚度卻整個不足

男女主角的演技我覺得應該不算差 可是劇本就給他們個普通夫婦的角色

而小孩 雖然不是要走「惡靈死小孩」路線

但小孩的演員沒演出那種被造物的空靈感也稍嫌可惜 (更別說曬太陽變大之後)

這點或許過於強求啦 我自己龜毛





至於片中房子這個完美願望3D列印機 就像版上討論提到的

「節省一點 慢慢玩 有更多更好的用法 卻玩成這樣 兩個白癡」

其實以劇中角色來說 我覺得倒還好



以我自己現實中相同的體驗


就像遊戲開外掛一樣 你要開 但又只開一點點程度 我想這個真的很難掌控拿捏

要嘛就都不要開 要開 結局必然是開到底

(雖然一開始想說我就開個道具 然後發現打不過 我再開個鎖血 但又嫌太慢 那我開個跳關...


畢竟劇情的安排 這對夫妻就很必然的會是 許下要小孩的願望 這種糟糕選擇的套路



(話說在短短幾分鐘的狂刷奢華品享受那 我也不禁很投入的跟著想 還有什麼可以玩得更狂






本以為只能刷無機實體物質 (因為老婆有提到要有好工作 但老公說 想點實際的)

結果連小孩都「印」得出來

以及放到室外會加速生長、造物可以確實脫離房子的設定 然後加上小孩想出了那一片森林



我不是電影人、導演腦


但光是這些要素 怎麼想都能玩出各種神奇花樣

結果最後這兩點只是為了多一層房屋把小孩放在外面老死...


(話說小孩老死那邊我情緒其實有點波動

因為這部就不是惡魔小孩作 那個「造物」也的確算是某種無辜的存在)






可惜了只拍成一部平平的小品

就連結尾要表達的驚愕點也過於平淡


我覺得如果直接收在扭打後醒來 逃離房子 就結束

然後劇末在很隱諱的暗示那個逃出來的老公是小孩 驚悚度會更高一點

(雖然造物為何能離開這點要稍微安排處理一下 但應該不是難事)



結果直接演成低級的追逐戲碼...

明明是超級願望3D列印機 結果還是拿把小刀在戳...

相比起來 一開始那個森林+雪人的景真的是有讓我驚嘆

(雖然老爸說會有龍這個惡趣味玩笑我也不希望真的拍出來就是了啦_)



總之 本來題材好好玩弄一下可以成為 9分左右的A級作品

卻只成為還不錯的7分等級小品影片



如同版上有推文提到的 看了也不會覺得浪費時間 但也沒必要刻意去看的作品

對了 順便徵求相似題材但是卻拍得更好的作品


--
",2020-10-26 01:48:02,[普雷] 許怨房(2019) 可惜了題材的作品
quentintu (昆汀涂),"
雷文防雷資訊頁



~*-*~*-*~*-*~*-*~*-*~*-*~*-*~*-*~*-*~*-*~*-*~*-*~



~~~~~~~~~~~~~~~~~~~ 雷文 主文分隔線 ~~~~~~~~~~~~~~~~~~~~~~~~~~~~~~~~~




部落格版，有附圖→






《獅子山上》，改編香港包山王黎志偉的真人真事，原先設想是十分熱血、激勵人心，如
《逆流大叔》之類的電影，殊不料這是一部非典型勵志片，導演不按套路出牌，反倒著重
在主角遭受困境後心靈自我成長的部分，同時有意走黑色幽默路線，調侃香港一些令人哭
笑不得的窘境，再加上一部分的奇幻元素，用動物的幻象似是若有所指，使得整部片如同
一鍋大雜燴，看得出這名新銳導演旺盛的創作力，亟欲在這部電影中傾注他所有的創意，
雖不落俗套，但支線太多，結構方面稍嫌差強人意。


黎志偉是香港攀石運動員，在世界攀石巡迴賽，榮獲全球八強，可惜造化弄人，一宗車禍
導致他半身不遂，從此成為殘疾人士，終身與輪椅相伴，而5年後，他不屈不撓坐著輪椅
攀登獅子山，是個典型的勵志故事，《獅子山上》照正常模式下，會如同《100公尺的人
生》，強調主角如何去克服逆境，最終人定勝天，達成目標，賺人熱淚，變成一部雞湯電
影。然而，導演不打算對觀眾強行灌雞湯，他讓男主角自我對話，去省視過去的自己，拋
下一些過往經歷，逐漸成長，他戰勝的不是上天意外給他的困境，而是自己的心魔。


除了改編真人真事，導演亦對香港這個城市有所調侃，甚至批評。衛詩雅所飾演的主角，
甫到醫院探望丈夫時，大廳吃瓜群眾的冷嘲熱諷，透露出香港人的冷漠，接著她為丈夫向
政府申請補助慘遭刁難，在民間金融機構卻輕易取得貸款，可見香港公務機構的僵化與不
通情理；法院裡，樓南光聲淚俱下的辯解，道出了香港底層人士生存的辛苦與不易；另外
，《獅子山上》有句台詞：「在香港要生存，有誰不被逼著作禽獸？」《孟子·離婁下》
記載：「人之所以異於禽獸者幾希；庶民去之，君子存之。舜明於庶物，察於人倫，由仁
義行，非行仁義也。」人跟禽獸的差異在於仁義，暗示不使出一些不仁不義的手段，在香
港難以生存，如今這城市道德淪喪。


提到禽獸，《獅子山上》帶有奇幻風格，因為男主角經常出現動物的幻覺，乍看之下若有
所指，實則略顯多餘，即使把動物的部分全部抽掉，也絲毫不影響本片的敘事或劇情。如
果是要暗示人在香港生存，得像禽獸一樣遵循叢林法則，其實光靠那句台詞，足矣。坦言
之，《獅子山上》我最愛的兩幕，其一，是法院那場戲，樓南光貢獻出老戲骨的演技，聲
嘶力竭、呼天搶地，足夠感人；其二，是登山環那個道具，它不但是個定情信物，也象徵
主角拋下過去，重獲新生，好的劇本向來都會善用道具，好比《怪獸與牠們的產地》，用
皮箱去推進劇情，而不單單只把皮箱當成道具。最後來首十四行詩點評，
詩放部落格→


九品中正制度評分：五品，中中之作。
（一品最高，九品最低）

--
",2020-10-26 01:06:13,[微好雷]《獅子山上》　非典型勵志片
killeryuan (龍鳥),"
圖文好讀：

時隔２５年，曾經以搞笑和快樂、瘋狂與溫馨征服無數青少年影迷的《阿比阿弟
大冒險（Bill & Ted's Excellent Adventure）》系列作又回來了！但，２５年
遠比聽起來還驚人，阿弟（基奴李維Keanu Reeves飾）從一個有些呆板的英俊少
年成為冷面煞神；阿比（艾力克斯．溫特Alex Winter）則在這些年來淡出大銀
幕，少有粉絲知道他的消息。大家都想問：當年那不可思議的化學效應還在嗎？

我想，答案也許可以說是，也不是。基奴李維很顯然已經跳出阿弟的戲路太久太
久了，但觀眾也能看到他是多麼努力想把阿弟帶回來；在戲裡，２５年後的阿弟
是雙人組中更疲憊、更憂慮的那個，我想這是為了盡可能貼近演員本身的改變。
而阿比倒是相當還原，艾力克斯．溫特確實把年輕的自己的演技詮釋得極好。

那麼答案是甚麼呢？我的答案是，當觀眾看到這些時過境遷的大明星，是多麼堅
持想要再現那遙遠過去碰撞出的火花，不是為了甚麼藝術成就或是天價報酬，而
是為了當年的粉絲們－－那麼到底「像不像過去的他們」或許已經不再是最重要
的事情了。尤其在鳥事不斷的２０２０年，實在是意義非凡。

這就是一部為了那遙遠過去曾為此歡笑的年輕粉絲們而製作的電影，在盡可能還
原當年的演技和氛圍的同時，還盡可能的帶入了更多較成熟的議題，同樣也是為
了那些如今已經成長的粉絲。這種「蠟燭兩頭燒」其實是相當吃力不討好的，例
如兩位主角的女兒們，在劇情中既要像是「當年的主角」呈現懷舊風情、又要展
現出更貼近現代的成熟面貌，這是很困難的，特別是她們還必須和兩位主角爭搶
出場鏡頭。

不過，這部片其實還是關於主角兩個人的，事實上比起系列作前兩部作品（特別
是第一作），《尋歌》是更加關注主角搭檔的心理層面：他們的矛盾、疑惑和自
我懷疑，就像官方劇情簡介中說的一樣，他們再一次想使用時光旅行來創作（抄
襲）自己的作業（那首團結世界、拯救現實的歌曲），但這一次顯然光靠他們自
己是不夠的，因為他們每穿越一次時空，見到的自己卻只會越來越糟糕。

長大總會遇上一堆鳥事，自己沒有成為自己夢想中的自己，婚姻觸礁卻不知道為
什麼，讓家人和朋友失望，武漢肺炎，共機擾台，國昌老師沒選上，巴拉巴拉。
但儘管如此，也仍然要去愛大家，因為他們也還是愛你。

這是一部搞笑、歡樂的電影，而且是拚了命的搞笑和歡樂；畢竟，都過了２５年
了哪！

總分：９／１０，基奴李維再度飾演阿弟，有甚麼理由不去看嗎？
幽默：７／１０，印象沒有特別爆笑的鏡頭，但反正我是從頭笑到尾。
劇情：７／１０，預告藏得很好，最後的反轉我是沒預料到。
角色：７／１０，兩位主角９分，其他加起來５分，平均７分。
音樂：７／１０，不用高標準，熱熱鬧鬧的就好。
世界觀：５／１０，一樣莫名其妙的時空邏輯，從別的角度來說可能是滿分？

--
我的方格子寫作專案：

我會寫一些推薦電影和動畫的文章，也歡迎建議我寫作的方向

--
",2020-10-26 00:42:52,[無雷] 《阿比阿弟尋歌大冒險》獻給長大的粉絲
LittleDiDi (小弟弟弟弟大),"


大家好
我是專看恐怖片的LittleDiDi
我又來介紹恐怖片了

標榜是盧貝松監製
這種掛名的應該不用多做解釋了吧
看完
不是爛而已
是有夠爛
版上居然還有好雷
呵呵


Blog圖文版會更精彩



年份：2016

國別：美國

類型：懸疑、驚悚

導演：Farren Blackburn

[劇情簡介]

一名兒童心理學者瑪莉，在歷經喪夫之痛後，與植物人兒子在郊外獨自生活；任職機構有
位需要輔導的小孩，瑪莉便主動留宿照顧，沒想到剛住不久，便在某晚失蹤，而古怪現象
反覆出現在生活之中，彷彿有人想置她們於死地；為母則強，她必須收拾哀傷、鼓起勇氣
設法逃出。

(以上引用自開眼電影網)

--

最近沒有什麼特別想看的電影，就盲選挑了這部《育陰房》來瞧瞧。

電影的大意是說，正值叛逆期的兒子史蒂芬，搞得心力交瘁的父母決定把他送去寄宿學校
(好像國外有點問題的小孩都會被送去這種地方)，度過這個暑假，誰知路上史蒂芬突然丟
搞，老北又講一堆幹話，兩個人在車上發生激烈爭執，車子不好好開這種橋段我好像看多
了，果不其然出事，爸爸歸西、兒子變成植物人。

--

於是就進入這樣的環節，女主媽媽既要照顧變成植物人的兒子，自己又身兼兒童輔教機構
的人員，其沉重對一個單親媽媽來說不難想像，長久積累難以負荷，決定把兒子送到療養
院，這時發生了一件事情，女主輔導的一個小孩闖進了她的生活，卻又突然失蹤，從此家
裡就變得怪怪的，甚至讓她覺得家裡鬧鬼了。

--

至於是怎麼回事，電影演到一半就把謎底揭曉了，問題是不暴雷的話好像也沒什麼好講的
，所以在深度劇透之前，先簡單短評吧。

嗯，就是一部讓人很想快轉看完的片，其他我沒什麼好講的，是不是很簡單。







###########################我是雷線#############################









直接暴雷，原來兒子植物人是裝的，其實他好手好腳，還可以半夜爬起來吃宵夜，不然看
他老吃一堆拉稀，怎麼可能還頭好壯壯，而且有嚴重的戀母情結，只是這兩個人似乎也不
是親生母子，所以當女主角有了新歡，想要把他給送走，惱羞的兒子就暗中搞事，先是把
新歡給塞進房屋夾層，然後又給女主下藥，可能是已經幹了一段時間的事，趁晚上可以嗯
嗯啊啊之類的(沒有演出來，只是我的YY)，以上，所以前期營造的一些疑點，大概就很好
解釋得通。

--

先說吧，電影的葫蘆裡賣的藥沒有什麼問題，問題在於導演駕馭不了似鬼非鬼這種限制性
很大的題材，導演無法在掀底牌之前吊足觀眾的胃口，前期的氣氛營造只能用零星幾幕不
痛不癢的驚嚇來帶過，有兩幕是用來補足女主人設的作夢，一幕是小鬼跑進家裡硬要搞得
很恐怖，只有其餘兩幕有點故意，但又在關鍵時刻不了了之。

從節奏來看，跟《搞鬼》(I See You)前後半部分明是類似的，但是裝神弄鬼的功力，對
照組顯然強太多了。

--

再來，本片的女主人設實在是太令人難以認同，以前我只知道有渣男渣女，這部片子讓我
知道了原來還有渣媽的存在，不是後媽那種非我族類打不用錢的壞，當女主說出「當他變
成這樣的時候，我就當他已經死了」這款話，然後這份情感投射到小湯姆的時候，那種關
心的模樣浮誇到噁心，也不是說不能交新對象，但卻兩個人邊燭光晚餐邊侃侃而談，很想
要趕快丟下拖油瓶，只能用厚顏無恥來形容。

--

當然，我知道這是劇本刻意為之，既然要這樣，你就不如設定女主是個腹黑女，結果也不
是，女主還是把史蒂芬視如己出，照顧得無微不至，所以我說這個女主的人設真的是做壞
了，讓接下來的追殺情節，變得不知道該站在哪邊，而且看下來，我其實還蠻同情史蒂芬
的，以我的立場，我還真希望這個媽媽被史蒂芬先姦後殺再姦再殺(對不起，我的心地比
較壞)。

--

後半段的情節主要描述史蒂芬爬起來大開殺戒，我真心佩服為啥導演可以把整個追殺拍得
如此不積彩，史蒂芬把女主綁起來，搞得好像很壞很變態，實際上也只是在趁亂告白，本
事不咋地，連個繩結都綁不好，還被女主踢老二燙手手，你媽都知道一棒槌死人，你還在
那邊壓人吃水，你以為你黑社會喔，然後這個渣媽女主再次殘酷的寫照，槌死本來的兒子
毫不手軟，抱起新歡兒子整個人好滿足，天啦，史蒂芬，我真是為了你的癡情感到不值。

現世渣媽，呵呵，我到底看了什麼。


即刻短評(滿分5)

劇情： 1    >>老梗連發，智商又通通不在線
結局： 0    >>現世渣媽跟小屁孩終成眷屬，什麼幾掰結局
血腥： 1    >>沒有
氣氛： 1    >>昏昏欲睡
推薦： 1    >>娜歐蜜·華茲有露點是唯一誠意，但很沒意義的裸露

--
",2020-10-25 23:53:56,[負雷] 育陰房 - 這媽媽有夠渣
k90209 (k90209),"
雷文防雷資訊頁



~*-*~*-*~*-*~*-*~*-*~*-*~*-*~*-*~*-*~*-*~*-*~*-*~



~~~~~~~~~~~~~~~~~~~ 雷文 主文分隔線 ~~~~~~~~~~~~~~~~~~~~~~~~~~~~~~~~~

要不是最近沒什麼電影，只能看國片，不然也不會踩到雷。
首先先奉勸所有台灣導演，不是隨便沾個什麼社會議題就可以拍成電影。
這整部片的格局、敘事方式、運鏡，看起來完全就是公視人生劇展。
如果在公視轉到我可能會給個好雷，但搬上大營幕真的是不用了。
一堆不必要的留白和場景，1個小時能結束的戲硬要拖成快2個小時。

1、基隆海景第一排根本沒值多少錢，一個失敗的台商整天只想著破房子，完全不合理。

2、掌鏡人不知道是磕太多還是喝太多，整部片從頭抖到尾，連靜止的畫面都一直抖
一直抖一直抖，有一段追跑的畫面我看到快吐了，把攝影機拿好很難嗎？

3、我不知道這個國家(中華民國台灣)的刑警辦案這麼積極，從頭到尾刑警看起來就只是
對gay有意見硬要找碴。

4、整部片完全沒有高低起伏、起承轉合，劇情隨著一直晃的畫面緩慢推進，看完也不知
道到底想表達什麼，同性戀情？收養？假結婚？長照？安樂死？

5、唯二兩個看頭就是阿嬤的演技還有小孩的厭世臉(很適合拍鬼片)

最後誠心建議攝影還是導演先把手抖的問題解決，連個觀影體驗都做不好還想叫人支持
國片？

然後議題的設定一個就夠了，要拍同性就像刻在你心裡的名字那樣，找鮮肉賣情懷。
要拍長照或安樂死就好好田野調查，不是找gay買毒品又被孫子餵食，
簡直撒在一起做撒尿牛丸。

--
",2020-10-25 23:47:42,[負雷]親愛的房客 拍公視人生劇展就夠了...
gaiaesque (一起來聽techno八 o'_'o),"










雷











心得是
幹你媽好可怕 =.=
我怎會在晚上十一點還在看這種片子...

其實這部跟離魂很像
不看到最後

你都以為是鬼打牆
而實際上這是一場
Marion的生死關頭之間做的夢

真的很可怕
尤其那個女的
各種鏡頭出現









很奇妙的是
這部也是少見的公路電影恐怖片

我好像是第一次看過這種類型的片

如果喜歡看恐怖驚悚片的
我推這部

真心恐怖 幹 =.=









--


                                                          

--
",2020-10-25 23:30:28,[好雷] 死路
benbenson12 (如履),"






以下有雷

圖文好讀版：





~*-*~*-*~*-*~*-*~*-*~*-*~*-*~*-*~*-*~*-*~*-*~*-*~



《親愛的房客》是一部台灣懸疑劇情電影，由鄭有傑執導，莫子儀、陳淑芳、白潤音主演

，故事講述身為房客的男主角林健一不只照護生病的秀玉，還收養她9歲的孫子悠宇，這

些已經超出普通房客的行為，其實這是他思念一個人的方式，然而在房東秀玉過世之後，

他的動機開始受到外界質疑，檢警也發現越來越多對他不利的證據。



一起罪證確鑿的案件有沒有可能在偵查後期出現不同的變數結果？我們常說眼見為憑，但

我們眼睛所見的就一定是真相嗎？是否也會因為內心對人的偏見而產生先入為主的想法，

最終忽略事件的其他面向與發展的可能性？電影《親愛的房客》在紮實飽滿的劇情中，通

過角色彼此溫暖真摯的情感突顯社會刻板印象讓人難以招架的殺傷力，看似緩慢的步調卻

帶給觀眾最深刻的共鳴與體悟。



2006 年首部長片《一年之初》就奪下台北電影節百萬首獎的導演鄭有傑，這次同樣選擇

在北影做世界首映的新片《親愛的房客》也承襲他過往作品多半聚焦在社會議題，並對片

中角色的身分認同與人際交往做出深入描寫的創作風格，讓電影從每個人都能感同深受的

家庭關係出發，在以懸疑劇情作為基底的故事之下，帶著觀眾從探究嫌犯為主角林健一的

這起命案真相切入，看見社會弱勢與少數族群內心那些說不出口的苦衷。



《親愛的房客》最驚人是故事給觀眾帶來的吸引力，除了進場前我們不會發現電影帶有懸

疑元素之外，整部作品最核心的同志主題在家庭關係的包裝下也算是保密到家。也正是如

此，導演鄭有傑以倒敘和插敘的說故事方式，帶著觀眾跟隨警檢的調查，從這個家庭的日

常互動與角色本身對過往記憶的回顧過程中抽絲剝繭，逐漸理解電影裡房客、房東和孩子

這幾位人物彼此的關係，才更加深《親愛的房客》故事本身所具有的矛盾糾結。




在案件的偵查庭上，林健一面對檢察官詢問他作為一位頂樓加蓋的「房客」，為什麼這些

年來要照顧生病和年幼的祖孫倆，並支付這個家庭的所有生活開銷，只回答一句：「如果

我是女生，妳還會問我這個問題嗎？」不僅直接道出他內心所有的無奈，也讓導演通過這

段許多人可能不假思索就提出的疑問，把同志成家可能會受到旁人異樣眼光看待的現象在

《親愛的房客》中作出血淋淋的真實呈現。



因此《親愛的房客》整個故事圍繞在這段無法被外界理解的情感關係之上，導演鄭有傑透

過巧妙的劇情編排，先利用主角林健一對這個家庭的付出，讓我們了解同性與異性之間其

實也沒有任何不同，再藉由這些年來他在片中遭遇人們的不平等對待，引發觀眾內心產生

：「為什麼社會大眾直到現在還會對他們抱持偏見，明明說自己沒有歧視，卻還是打從心

底無法承認這一層關係？」的疑問，或許這就是《親愛的房客》希望我們去思考且希望去

改變的現象。



如同導演以穿越合歡山雲霧繚繞的空拍鏡頭作為《親愛的房客》開場，「山」是整部電影

非常重要的意象，不僅讓林健一能遠離世俗的眼光，也乘載著他跟愛人共度美好時光與遭

遇山難意外的複雜記憶，因此《親愛的房客》作為一部以家庭作為主題的電影，或許同性

伴侶在逃避與尋求安定之間的轉換，就是電影除了有合歡山、雪山場景之外，導演會選擇

在基隆這個跟「海港」有緊密連結的城市拍攝，甚至讓片中人物在頂樓就能看到基隆港的

原因。



山與海兩者表面看似互相對立，但事實上卻也有著一脈相承的關係，在外地漂泊的靈魂終

究必須找到歸宿，因此就像導演說電影主要講述的是愛的「極限」與「界線」，《親愛的

房客》一方面藉由這起沒人想看到的悲劇事件，描寫片中這段旁人無法理解的表面關係背

後，家庭成員之間互相依賴且難以分離的情感，另一方面也透過現實世界無法避免的價值

觀衝突，讓片中四位曾經都犯下過錯的大人，告訴觀眾在因為失去珍愛之人而感到悲傷與

痛苦時，不應該被自身過度的愛給全然蒙蔽，而是需要保持適度的空間，在這個不全然非

黑即白的世界中釐清一件事的是非對錯，試著尋求內心的和解與原諒。



這次強勢角逐金馬最佳影片的《親愛的房客》也不禁讓我聯想到去年金馬獎入圍導演、女

主角等四個獎項的《那個我最親愛的陌生人》，然而儘管兩部電影同樣都講述男性伴侶或

男同志對一個家庭所帶來的改變和影響，但《親愛的房客》轉換了切入的角度，不像《陌

生人》那樣描寫不被愛的女方如何維持這個不完美的家庭，反而是通過莫子儀、陳淑芳兩

位演員極具說服力的表演，讓男方愛屋及烏、跟伴侶家人之間產生不存在血緣與親屬關係

的緊密連結，如同那句：「有你我會比較快樂啊。」都強化了整部片對於家庭意義與根本

價值的展現。



只不過殘忍的是，《親愛的房客》在融入現實層面的人性和價值觀等種種複雜因素之後，

導演也讓觀眾親眼見證這個從無到有的「家」，是如何被社會的世俗眼光與不健全體制給

活生生地摧毀，在片中絕美山景、海港，以及片尾那不成熟的鋼琴樂曲和搭配下，這種經

過付出與努力之後好不容易建立的情感關係，最終卻只能以一封信來盡自己身為父親的義

務，裡頭寫著：「在未來你可能會碰到很多很討厭、很莫名奇妙的事，但你要記住這些都

不是你的錯。」對應到主題曲《在夢裏》歌詞：「在夢裡一起回家。」這都為《親愛的房

客》整個故事增添更多淒美與無法實現的遺憾。



整體而言，《親愛的房客》沒有把重點放在同性之間的愛情，反而在層層堆疊的敘事和角

色情感的細膩描繪下，更進一步觸及他們跟孩子與婆婆之間的關係。如果說2019 年的台

灣電影《陽光普照》讓人看見在溫暖陽光照射下背後所產生的陰影，那《親愛的房客》就

是藉由在黑暗中努力掙扎卻還是幾乎被吞沒的光明，希望觀眾能給它更多的鼓勵與協助。

許多人可能會認為同性議題只攸關少數族群的利益，我們不需要去特別關心，但看著電影

在經過眾人一番折騰，最終結果卻要一位不相干的孩童去獨自承擔，我們往後還會繼續抱

持這樣的想法嗎？


--

歡迎追蹤我的FB或IG專頁


Telegram頻道：

--
",2020-10-25 22:11:53,[好雷]《親愛的房客》我愛故我在
ultmisia (魔女),"
親愛的房客，可惜版的男性殷素素

倚天屠龍記有個重要情節
妖女殷素素和張翠山的自殺
這裡葉童的94版最為出色








林建一在MV
就是這樣的妖女形象啊！
非主流性向
紫色的挑染
俊美的面容
通音律擅廚藝
結識的炮友也是能拿出k粉的三教九流
有如黃蓉，殷素素，范遙，江小魚之人
就連林建一之名
也如金城武不夜城的劉建一
不中不日
不為主流認可的乖張







社會不公，大眾苦情
鄭有傑又不是沒玩過

那麼，何不讓此角添加妖女的狡猾氣質呢？

讓此懸疑片外表下，增添更多的疑點
對悠宇慈愛
對婆婆孝順
但對小叔
可以略冷
對警檢
可以尖銳




也只有關係婆婆和悠宇面對刑責
他的屈服造就的力量才會大



他感冒上高山就是自殺
家庭壓力放在林身上，不公平吧？

所以琉璃珠事件順序應該是
立維用琉璃珠引話題
慢慢說出自己的離婚過程
但關鍵在於有人爆他性向
他要他承認

只有這樣才能卸下健一的妖女武裝
承認就是自己
就像殷素素那樣

立維想和他同歸於盡
但做不到
只有自棄
也只有如此
才能永遠封閉健一的妖女面
當賢妻良母

其他還有前妻立場問題的不探討
太可惜












--

我不是說了！
輕輕揺動那片
才真的是哀而不傷
該片還是太傷了！

描寫健一的妖性
才能平衡這種傷
是的
這問題在鄭導演的爆二也有
真的是
",2020-10-25 21:33:15,[普雷] 親愛的房客，可惜版的男性殷素素
TAKUTO1224 (剩女代表),"




我是女性所以用字遣詞可能會用女性的說法，只是因為我詞彙少表達差

但不代表角色被我當女性看待。












~~~~~~~~~~~~~~~~~~~ 雷文 主文分隔線 ~~~~~~~~~~~~~~~~~~~~~~~~~~~~~~~~~



因為自身原生家庭因素，我很難融入親情戲。

但這部難得讓我從頭哭到尾，且能了解每個角色定位的心境。

雖然一開始是衝著同志跟孩子的議題進電影院，但看完，覺得這跟同志沒有任何關係了。

就是訴說一段愛情與親情的故事。

有部分的人不能理解健一為何在戲裡要那麼委屈求全。

但請試想著，不是所有的人都有勇氣對抗眼前的困境，可以不管不顧的做任何的抵抗

也不是所有人的人生都順風順水。

當這輩子你已經習慣了""委屈""著生活，""為大局""所想的生活，""把自我先擺在一旁""的生活

要你不委屈要你自私，也不是說變就變說做就能馬上做的。

更何況悠宇對健一來說不單單是立維的托付或是罪惡感，而是這是唯一僅存的

跟立維最親密的聯繫。

從健一對著秀玉那一句""媽""的稱呼轉換，就代表著他做那麼多都是非常甘願的，

因為他多想當這戶人家的媳婦，多想成為這個家的未亡人。

老一輩的人不善表達，多的是刀子嘴豆腐心，甚至用糟蹋來表達對你的在乎。

秀玉對健一的表現就很明顯是如此。

不得不說淑芳姐真的很會演，把固執怕痛嘴饞，把疾病仰賴在醫療在偏方上的

長輩惰性發揮的淋漓盡致。

(家裡也有個糖尿病覺得只要吃藥就能隨便亂吃東西，

如果惡化就是醫生的錯的長輩，所以很能體會。)



由於自身工作性質的關係，看了不少家庭中的不孝子，秀玉會把房子過給悠宇，

一來是保障孩子，二來對立綱的不信任絕對不是一朝一夕造成的，

自己再度敗掉就算了，要是連悠宇都被牽連，這絕對不是秀玉想看到的結果。

三來畢竟電影裡沒說到秀玉是何時把房子過給悠宇的，如果是過了再去催促健一收養悠宇

那就代表她是有想留些什麼給""長媳""。

畢竟健一的付出她都看在眼裡，她能安心把一切託付給健一。

(只是站在職業病發作的立場會覺得如果秀玉當初把一切手續都做得周全

後面的問題真的會少很多)


立綱的惡，雖然只有在劇情裡口頭提起，但看立維的焦慮與壓力還有秀玉的反應，

那一屁股的債絕對給這個家帶來不小的壓力，搞不好是靠哥哥的死亡保險金還完後

才敢回來繼續當個平易近人的小叔。


你要說人會改邪歸正嗎?我同意，但死性還是會潛伏在骨子裡的，

歸正的通常是時時刻刻在警惕自己那潛伏在骨子裡的惡不要爆發而已。

在生活中看多實例，我還是比較傾向死性難改。

但這不能就抹煞掉立綱或許真的在努力事業好將功贖罪的可能性。

立綱疼悠宇嗎?我相信疼的，只是充其量就是很基本的血親作祟的疼。

對健一我的猜測是他是噁心討厭健一的存在，但有個人免費傭人照顧自己年邁的媽媽

自己也不用負責一堆雜事，只要當個過年過節的孝子，何樂而不為?


不過立綱做了一堆好像在為悠宇著想的事情但裡面爭產的私心還是居多的。

反觀健一則是攬下所有，並不是說這樣就是好人好事代表，我想其中很大的部分

是他想保護悠宇以及想贖罪(都是因為我的起手式)。

只是人的起心動念有了極大的對照組就很令人感慨。

完全突顯了遠親不如近鄰，有錢搶的時候孝道就會上身的概念。


再來談到立維，其實我個人不是很喜歡立維。畢竟我沒看任何花絮訪談就單看電影而已

所以我不知道這個角色的定位在雙性戀還是同性戀，但不論是怎樣，

他有了出軌的行為是確立的。要不是健一有在追無名小站，

他更是被矇在鼓裡對方已婚已育。

站在莫名變成小三的健一立場來說，他是人有七情六慾所以他忌妒甚至想破壞立維的婚姻

這都是可以理解的(理解不代表認同)，(BGM:林凡-這樣愛你好可怕)


當然以時空背景來說，立維或許迫於家庭壓力所以需要結婚，

也或許是真的愛前妻也說不定。

但說實話外遇對小孩就是一個傷害了別說的冠冕堂皇什麼讓悠宇失去一個母親。

我如果是她前妻要是生活了幾十年的丈夫是個Gay，並不是真的以愛情的定義去愛自己

只是要給小孩一個母親，我絕對過肩摔加個十字固定弄死他啊!

把我的人生當什麼啊!?還有小孩是很敏感的不要以為孩子小就感覺不到大人的事情，

絕對很有感覺!

看到這段時我很感謝台灣的同婚已過，同婚的意義不僅僅只是相愛的人

不論性別可以結婚。它也代表著""或許""未來這種悲劇可以少掉不少。

不用礙於壓力去跟自己不愛的性別對象結婚生子只為了""家裡交代得過去""

(可以看紀錄片導演黃惠偵的 ""日常對話""一片)

當然同婚離完全的開放，世俗的全然接受還有很長的一段路要走，

只是希望這種去犧牲另一個人的人生的行為可以少一點。


悠宇很無辜，很多人這樣說，的確、出生在哪個家庭不是我們能選擇的。

所以面對這一切的已知未知與混亂，他小小的身軀做出來的就是保護自己

以及試圖去相信自己想相信的東西。他也試圖想去保護自己想保護的人

悠宇或許不懂得立維跟健一愛情的部分，但沒人比他清楚親情的部分他獲得了多少。

看電影時間脈絡來說，悠宇很小就跟健一相處在一起了，他可能找不到對這個人的定位

稱呼，但健一對他的愛與關懷早已讓他不在意""這個人的身分是什麼""

到後面悠宇在碼頭邊生氣的質問健一為何不說清楚他到底是誰，他的定位是什麼。

我的感覺是悠宇想要保護健一，他生氣他什麼都不知到他什麼都不懂，

所以當有人要攻擊健一(學校&警察)時，他什麼都做不到，

只能隨波逐流的被這些陌生的大人牽著走。

從前面悠宇在等健一教完學生的那個畫面，我覺得有一種""父親被搶走""的感覺。

(有些老師的小孩身上會有這種情緒~我的雙親怎可以對別的小孩好，

他是我爸爸/媽媽是我的!)



在最後檢察官遞給他作業本的時候，雖然沒拍出作業本上的字但或許悠宇已經有了

""健一在自己心中的定位。""且清楚他想要的是什麼。

所以他才能展開反擊去保護健一(說出實情以及最後寄CD不想斷了跟他的聯繫)




(插曲:不知道有沒有修改法令

但持有第二級毒品者，處二年以下有期徒刑、拘役或新臺幣三萬元以下罰金。)

所以健一有被關是說得過去的(劇情裡沒說清楚是何種fentanyl但有提到二級，

fentanyl的確有部分是屬於二級毒品。)



-------------------

我覺得主要的幾個腳色都刻畫得很好，尤其莫子儀，淑芳姐，白潤音的演技都很出色。

莫子儀的健一完全是我對於那個時代下被壓抑又委屈求愛的""人""的印象。

有苦有愛有樂都難言，只能自己吞下自己犧牲，求的只是那微乎其微的平靜生活而已。


這部戲不要把任何的主角威能套在任何一個角色身上，現實真的總是比戲裡精彩的。

希望這部戲能口耳相傳把票房拉起來，好的作品該傳唱才是。


對我來說，關於議題型的好作品就只是能觸動內心的那塊柔軟，能共鳴，能好好的

完整的，把一個故事淺顯易懂的說好，好好地傳達給閱聽者，不用多華麗的拍攝方式

也不用曲折離奇。

平易近人才能深入核心。





--
",2020-10-25 21:03:37,[好雷] 親愛的房客
psyy (浮游生物),"
1.看預告以為可以當無腦爽片，但沒有預期中的爽



~*-*~*-*~*-*~*-*~*-*~*-*~*-*~*-*~*-*~*-*~*-*~*-*~



~~~~~~~~~~~~~~~~~~~ 雷文 主文分隔線 ~~~~~~~~~~~~~~~~~~~~~~~~~~~~~~~~~


2. 女主角在羅馬尼亞一發一人最後放倒全部敵方還比較俐落爽快，對比公寓裡面遇到的
反派，女主角反而要邊逃邊反擊......我還以為以女主角的槍法，一開始的一批人很快就
會領便當了。

3. 反派也不知道在想什麼，開始不知道女主角身份就算了，後面知道了還一次派一個讓
他殺......你是沒看到前面的人一對一都死透了嗎?

就算女主角不設陷阱，要面對面打贏女主角的機率也不高阿，不過我還是喜歡看她正面
肉搏一群人，放倒那群警察看得很爽，不過正規警察這戰力......

而在面對自己人一個被一個殺死時，反派的情緒也太過淡然，沒有太多擔心恐慌等情緒

4. 可憐的尚雷諾出來跑龍套的

5. 在消防隊抵達時，主角方不是被控制在有隔音的房間內，奮力一搏可能受傷，但卻很
容易得到注意

6. 女主角的心結跟創傷症候群後面都不了了知了

7. 最後反派死的真藝術，他算是本片亮點，開始以為他是好人，沒想到冷血狠決的面不
改色，可惜好像沒對他的背景多加著墨，難怪一開始要秀出他的身材，一看就是練家子

--
",2020-10-25 20:04:11,[普雷] 奪命守門人
Sopt (小草),"
很難得有如此熱騰騰的心得，因為真的太好笑不得不推

如果你是動漫宅一定要看，如果你不是更應該看，包準你跟上最新流行ＸＤ

先說我沒看過原版漫畫，所以我的心得應該很有參考價值（？）



~~~~~~~~~~~~~~~~~~~ 雷文 主文分隔線 ~~~~~~~~~~~~~~~~~~~~~~~~~~~~~~~~~


故事發生在兩個剛入學的大一新鮮人，莫名其妙被拉入潛水社

只想體驗傳說中美好大學生活的夢想，在被一堆猛男包圍下，硬生生的破裂了ＸＤ



從一剛開始的不甘願，到慢慢學會游泳、換氣、考潛水執照和密謀逃出小島（這是最重要
的事ＸＤ）
我很喜歡學長對伊織說的一句話：「如果只做自己擅長的事，那就只會原地踏步」，所以
不會游泳甚至有點害怕的伊織，最後在很多人幫助下有完成這項他不擅長、但喜歡的活動
。另一個活在異次元世界的今村也做到了，他說雖然很討厭伊織，但想跟他一起潛水，這
句話本來很感動，但後來發現純粹只是需要一個共犯互相cover逃出小島而已！！

同時我也很欣賞這部片包含了很多元素，包含校園霸凌、同志雙性戀、日本瘋狂的飲酒文
化、校園祭、野球拳，當然其中也有蘿莉，但也都是怪怪的ＸＤ



再回到本來應該的重點—潛水，鏡頭很厲害，在電影院真的會發出驚嘆聲，海底很漂亮、
水很藍，有成群的魚和巨大的珊瑚礁，在大螢幕看就好像跟主角們一起潛水下去了，很感
動。當然這些很ㄎㄧㄤ的學長絕對是本片最大亮點，一直洗腦當機的VAMOS，到後面都想
一起跳了ＸＤＤ


我知道這部片充滿了很多動漫梗，很多都會讓人會心一笑，但好笑的是看不出是梗的地方
，旁邊宅男笑了，我也就懂了ＸＤＤ
所以這部片真的要去電影院看，笑到你不要不要的！



--
",2020-10-25 19:24:10,[好雷]《碧藍之海劇場版》爆笑又動人
peter790928 (陌綠小豆),"


《芝加哥七人案：驚世審判》的導演，是好萊塢金牌編劇艾倫索金（Aaron Sorkin）
光是電影《社群網站》《魔球》《決勝女王》；影集《白宮風雲》《新聞急先鋒》
皆出自他筆，就知道他有多神了。


艾倫擅長處理大量且快速的對白，在緊繃的節奏裡塞滿滿專業知識。
你必須聚精會神的去讀取吸收，一開始會很辛苦，但習慣這樣的節奏之後，
就能夠進入艾倫的編劇世界，有如鼓的強烈節奏律動，帶給你聽覺極致的享受，
一口氣看完電影，保證大呼過癮。


《芝加哥七人案：驚世審判》也是一樣，電影聚焦在法庭攻防，透過辯護律師、檢察官、
被告者們和法官所羅織的人物關係，時不時穿插史實畫面和帶到脫口秀場的切換，
一層層推動到電影的最高潮。


能在多人混戰中（被告剛開始多達8位），單單透過對白口水戰，就能立體呈現出每個人
物的個性，絕對是仰賴艾倫出神入化的編劇功力。


進入到電影內容，1968年真人真事，新官上任三把火，新任司法部長想要將曾經參與反戰
示威的八人幫一網打盡，以串謀煽惑暴動罪來處理，一舉成為全世界都在關注的法庭攻防
戰。


其中法官頑固偏執、檢察官恪守公事公辦的精神，以及辯護律師和被告者們，長期處於挨
打吃虧的設定，其實很單調也很常見，全靠一票成熟且富有感情的演技派演員（黃金陣容
嚇死人），還有一針見血的幽默對白撐起張力。


所有角色中，我認為最值得玩味的，是民主社會學生領袖 Tom Hayden（被告之一，由
Eddie Redmayne飾演）。


--以下有雷--


Tom代表務實的一方，頭髮剪得乾淨俐落，瞧不起同夥的嬉皮形象，認為有辱未來人民回
看現在當下的歷史觀感，害怕被記住的，就只是一群喜歡公然性愛、呼大麻的嬉皮一代。


Tom相信保持在體制內，通過公正的司法和競選才是「最合理且高尚」的反抗。


然而隨著劇情發展到後半段，你會發現和平示威遊行之所以轉變成警民的暴力衝突，其中
之一的原因，是因為Tom一時熱血腦衝引發的局面。當他在台上演講時，目睹朋友在台下
遭警察毆打後，滿腔怒憤跟聚眾說：


「如果非流血不可，就讓血流遍全城吧！」


一席話激昂了群眾情緒達到沸點。也因為這樣，在審判時Tom還必須被他看不上眼的嬉皮
夥伴援助，翻譯翻譯他的說詞內容來替他掩護。


戲中有段場景，明白表現Tom對體制的尊崇。當法庭被告之一的黑豹黨領袖，被法官以非
人權的手段綁住手腳、白布摀住口不讓他發言，其他7人被告與辯護律師有志一同商量好
不為法官休庭起立，以表示抗議。


就只有Tom以「不小心是慣性動作」當理由起立。仔細想想他的理由也沒說錯，Tom的確認
同體制，因為遵守體制所以才無法違背自己的身體和思想慣性，因此當法官退席時，無論
如何他都必須起身以表明對司法體制的尊敬。


滿巧妙的，這也為Tom出獄後連6屆當選了美國議員，做了個鋪墊，真的很有意思。


總體來看，我認為《芝加哥七人案：驚世審判》離搶奧仍然有段距離，並不是因為影片
不精采，而是要端看影藝學院的評審口味，能不能青睞由大量對白去推動電影所有的劇情
，幾乎沒有留白的空間。


「對白」絕對是艾倫作品最精采的地方，卻也容易失去宏大格局的電影感，雖然他處理的
東西複雜艱深至極了。


Kiss from movie 啾電影。一個愛電影的地方


--
原來如此，我修正了，感謝提醒~
",2020-10-25 17:17:44,[微好雷] 芝加哥七人案：驚世審判
nicholas8855 ( ),"

真的是一部很爛的電影   喜歡恐怖片的   千萬不要浪費錢了

預告片打很兇   噱頭是Lin Shaye、Tobin Bell

拼圖殺人狂 +  靈媒   這兩的組合就讓人不禁想看


但這兩人從頭到尾都不是主角   主角是4個年輕人


電影中一堆交代的不清不楚     像Chris的女友到底是怎麼死的?

然後為何他要搬到鄉下城鎮     他母親到底為何關係那麼亂

還有Tonya害死她妹妹的橋段也交代的不是很清楚

總之整部電影一堆破綻   尤其最後結局的時候真的讓人蠻傻眼的

--
",2020-10-25 17:00:31,[負雷] 地獄通話
jsway (不沾),"
雷文防雷資訊頁

如果你是單親、隔代教養、病患、病患照顧者或關心同志議題，親愛的房客絕對適合你。

身為父母離異下成長的小孩，在看電影時，多處把自己帶入悠宇的視角，看待大人們所遇
到並面對的種種。
我透過「在夢裏」的歌詞，以悠宇的口吻，想像他的心境。

~*-*~*-*~*-*~*-*~*-*~*-*~*-*~*-*~*-*~*-*~*-*~*-*~

(手機排版請見諒)






~~~~~~~~~~~~~~~~~~~ 雷文 主文分隔線 ~~~~~~~~~~~~~~~~~~~~~~~~~~~~~~~~~










Letter No.1
Time: 健一被指控殺人
———————————————————————————————————————

健一把拔，我心中好多問題，你是誰？
為什麼你有這麼多秘密？
上學期，老師問我林健一是誰？
我要怎麼回答？
你照顧阿嬤、煮飯給我吃、載我上下學、陪我寫作業、教我彈鋼琴。
這樣就是我把拔嗎？
但是為什麼叔叔說你殺了爸爸？
我不知道啦，可是之前跟你在一起好快樂，什麼都不用害怕。

  「我還不會飛翔
   你告訴我 我有翅膀
   以後 飛去別的地方
   俯瞰全世界
   我會很快樂嗎」

你常常在鋼琴前面寫這首歌，是寫給爸爸的嗎？
把拔你這麼厲害，怎麼可能不會飛翔！
你不是也說要帶我出國玩嗎？

我們一起彈鋼琴的時候很快樂啊，但你快樂嗎？
最近看你好像很難過，雖然你還是笑笑的。

之前，我在玩你的手機，跳出了「小尤」問你要不要約，是什麼意思？
不過你好像有約的時候，回來都會買麥當勞給我。

希望你能一直陪我長大。




Letter No.2 (attachment: 1 CD)
Time: 健一出獄，悠宇與叔叔同住
———————————————————————————————————————

那天同學把我的傘弄壞了，我只能淋雨跑去找叔叔，全身濕透了，好冷，那種時候我會很
想你，你呢，你想家嗎？你想我嗎？我跟你還是家人嗎？

  「你還會不會飛翔
   我知道你也有翅膀
   如果 飛去陌生的地方
   淋了一些雨
   會不會想家」

在山上露營那天，其實我夢到爸爸一號跟把拔二號帶著我，一起去逛夜市，還在吃飯的時
候，你就把我叫醒，後來，你就被警察抓走，當下我好害怕，是不是又要失去把拔了？


  「你會很快樂嗎
   我飛到你在的地方
   我會很快樂嗎
   在夢裡 一起回家」

好久沒有見到把拔，你過得好嗎？你現在快樂嗎？
有點想去跟把拔住，可是叔叔不准，只能寫信給你。
昨天，我又夢到你跟爸爸，我們帶阿嬤洗腰子然後回家吃飯，你們還買生日蛋糕幫我慶生
，好快樂！

在學校，大家還是會笑我沒有爸爸，但現在我會勇敢說，我有把拔二號了！

                                                                    王悠宇
———————————————————————————————————————

--

我看的場也只有3人...只能靠口碑了
新北淡水QQ
不然只靠口碑很難
祝你滿足心中的疑問
沒關係XD主要想推薦沒看的人
但...? 想知道失望在哪裡!!
三人可以恣意妄為的哭濕口罩
謝謝～主要是有推文說：悠宇厭世臉不會演。
但從和健一彈鋼琴的畫面，發現他是笑得出來的。所以想從小孩角度寫，經歷了這些事，
怎麼笑得出來？
不愧是真善美XD 不過人多啜泣聲很大嗎
我很喜歡被問到簽名是誰，悠宇慌張地嗆同學，真的是國小生的反應！
2021/06/30 XDDD 有夠有趣
悠宇版原聲帶沒fu，但放片尾超棒啊啊
阿「請」多一個字
對，被被是多打的XD，感謝！而「麥當勞」是想表達健一約完炮，都很內疚，所以買M給
悠宇，讓自己好過一點。哈哈哈腦補太多
刑警應該是叔叔XD
",2020-10-25 13:08:27,[極好雷] 親愛的房客：悠宇給健一
Lumial020 (廢貓文專用帳號),"













沒看花木蘭 不予置評





憋了一堆解析沒看 到昨天才看了天能

不知道是諾導刻意為之 還是考量到觀影者的膀胱空間不夠用(?

我認為這部2.5hr的電影如果再加上半小時 會好看很多





我看下來 整部片有兩個大問題
第一個就是: 「太快，細節又不說明」




比如一開始的主角貼臂章，演出很直覺

就是看現場來的是哪隻烏克蘭反恐部隊 就貼哪個臂章混進去

如果是一般爽片，就會用幾句話交代，而不是把這個細節在五秒內演完@@

沒跟上的觀眾就會直接當場黑人問號



類似這樣的橋段在劇中出現很多次

比如從主角被救醒 再到風力發電機 接著實驗室這段，

想一下就知道是那個維修工人包裡面有講要去哪之類的

但從主角從風力發電機混出來到實驗室，也不超過十幾秒

順順看沒在想的話只會一頭霧水吧 而且那個手勢整部片才出現三四次

連反正我很閒的量子糾纏出現次數都比他多






以及主角第一次逆行要在貨櫃待一個禮拜，

也是用一個轉場就突然過了一周，很容易會讓沒跟上的觀眾再度問號

剛好諾蘭也透過尼爾之口嘴了一下觀眾「看不懂也沒關係，睡就好惹」

一堆觀眾大概這個時候就放棄思考了吧orz





而最後的稻草則是最終大戰，有看的人應該都有發現

除了最內側逆行機和開門鎖門那個橋段之外

所謂的「敵人」都沒有出現過任何一幕

好幾分鐘的戰事都沒講到 12號城裡的戰力是不是薩托的傭兵

完全困惑阿orz



雖然這些「細節」都有用幾秒的畫面演出

一些重要線索也只會用 極少的台詞講解 (如跳海女，女主角只講一次 大概不到兩秒)


使得150分鐘長的電影，感覺要是稍微放空 就會沒get到關鍵劇情

讓觀影者一直維持神經緊張 很不舒服QQ


話說誰能跟我講 從討論要怎麼偷運送中的鈽

到長腿女主角被薩托打到趴在地上QQ

中間發生了什麼 那時我去上廁所惹






而這就是第二個問題

「觀眾的過度期待」


我之前看很多無雷文和無雷評測，

每個都說觀影前需要的知識 比如對一些物理學名詞的認識之類的


但整部電影裡面 除了重力和順序逆行之外

跟近代物理學完全沒關係啊= =

「逆行」也跟「造夢機」一樣

只是一個增加科幻設定的劇情

要是真的嚴謹的話

為什麼車會爆炸後結冰????? 逆行的只有主角而已不是嗎



總之天能其實用邏輯順序來看，是很簡易敘述的諜報片

但中間經過了諾導的故弄玄虛 比如剪的很細碎 和加上一堆科幻設定

才會有很多問號的成分在




不過我就是要看科幻設定，這樣卻弄得科幻成分不夠重

並且我在看到中間的時候就問號了


「演算機」的功能是逆轉全世界的商

但不知道演算機能夠逆轉的 是整個地球還是整個宇宙



如果讓整個宇宙逆行，那按照「發生就是發生」的定論

那即使回到工業文明發展之前，甚至史前時代，

再次重新順行後，那未來還是不會改變

地球終將會資源枯竭 並且未來人還是要再次啟動演算機

唯一的後果只有「未來被寫成死局」 這樣一點好處都沒有啊 = =




但如果演算機逆轉的範圍 只是整個地球，

類似「逆轉子彈」那樣，只是範圍大得多

那就只是相當於地球在太陽系中繼續順行，

而地球本身會隨著逆行慢慢重生，

如果再次順行地球

等於是給了人類「第二次機會」重新省思，這樣又沒有壞處 覺悟者恆幸福




這樣搶演算機要幹嘛??

第一個「沒有好處」

第二個「沒有壞處」

真的問號??????????????????


--


--
",2020-10-25 13:01:34,Re: [超糞雷] 天能 完全跟花木蘭再不同級別上的爛片!
AACKball (阿姨洗碟錄),"
雷文防雷資訊頁



~*-*~*-*~*-*~*-*~*-*~*-*~*-*~*-*~*-*~*-*~*-*~*-*~



~~~~~~~~~~~~~~~~~~~ 雷文 主文分隔線 ~~~~~~~~~~~~~~~~~~~~~~~~~~~~~~~~~

布魯斯威利最近是很缺錢嗎？從布魯克林孤兒、惡夜救援，到這部綁票追殺令，嚴格來說
都蠻B的，布魯克林還好啦，只是稍嫌沉悶。可是在這些片中，布魯斯威利都是很二線的
角色，要嘛是開頭二十分鐘就領便當了，要嘛是當個退休老人，不然就是像這部片中演的
，一個以前大概是狠角色，但是因為退休了而變成一個很重要的「拖油瓶」的感覺。要不
是凱吉哥的光環太搶眼，我覺得布魯斯威利也有慢慢歪掉的趨勢。

電影開始就是個主角的回憶片段，然後主角受到布魯斯威利的委託，要保護他去參加一次
會面，於是在一段老兵憶當年的氣氛中主角接下了委託，接著招募隊友，在平息隊友的懷
疑之後到了現場，才現原來布魯斯威利是！不是壞人，只是在騙他們，原來是有個恐怖組
織赦免者綁架了布魯斯威利的女兒，來跟布魯斯威利要一個能夠毀天滅地的量子AI系統的
啟動密碼。接著開始大軍壓境，氣氛劍拔弩張，準備進入大決戰…等等，修但幾壘，電影
才開始20分鐘耶？為什麼已經要決戰了啊啊啊！！！我原本還以為會有個轉折甚麼的，但
，這真的就是決戰場景了。只能說因為是小成本電影吧，那你還請布魯斯威利？

而且這個毀天滅地的系統吐槽點也很多，一開始很強很威猛，路人說：「那是一個AI系統
」，布魯斯威利：「不，那是一個『量子』AI系統」，我突然很佩服布魯斯威利的專業，
這句我來講應該會笑場。感覺上就是現在甚麼東西搭上量子格調就會比較高，就跟之前的
奈米一樣。而原本設計來想幫助人類社會的系統，恐怖組織的頭頭卻覺得可以用來破壞人
類的所有科技相關系統，而這會讓人類文明倒退好幾十年，但這麼威的系統，從頭到尾展
現的只有酷炫背景搭配請輸入帳密的登入畫面，短暫連進去也只是幾行程式碼在跑而已，
完全沒有摧毀人類社會的氣勢。更別提搞半天那只是父女吵架的產物…。

而主角的小隊，電影簡介中說「一隊擁有不同技能的夥伴，被派去執行不可能的任務」。
哦哦，所以是像天龍特攻隊或是不可能的任務前兩三集那樣嗎？沒有。電影中完全沒有說
他們個人有什麼特殊技巧，或是影薄到我完全沒印象，而實際戰鬥中也完全沒有類似橋段
，從頭到尾就是背後偷襲，隔著掩體開槍，衝鋒開槍，撤退開槍，有個還早早便當，一個
還中途倒戈，反過來抓住布魯斯威利女兒想跟恐怖組織交易，結果隨隨便便就把人交出去
，然後恐怖組織直接一陣掃射…你趕著下班嗎？布魯斯威利的助手被槍打中胸口，一直在
喊我要死了我要死了，結果過陣子隊員從外面一陣槍戰回來，助手一副沒什麼事的樣子問
他們外面情況怎樣的時候，那場景荒謬到我笑出來…。

赦免者的嘈點也很多，我覺得首領最大的問題是講話也講太～慢～了～，慢到我懷疑是不
是導演為了要靠文戲台詞拖時間所以叫他講這麼慢，然後講的理想抱負跟為什麼要毀掉人
類社會，大概就跟你近幾年會看到的任何動作電影中反派講的都差不多，人類就是地球最
大的害蟲啦！

或許最讓我不滿的還是布魯斯威利吧。簡介說什麼救女兒、年度動作強檔，結果他全片出
現可能沒有十五分鐘，其中多半是在車裡、在安全隔間裡，不然就是被抓了綁在椅子上，
連這段也有個超大嘈點，反派首領抓著女兒：「告訴我密碼，不然我就對她不利」，布：
「哼，我是不會說的，你也不敢殺了她」，首領：「好！」然後打了女兒一拳，布：「等
等，我說。」…你也太沒節操了吧！！！主角群在跟人數十幾倍的恐怖組織戰鬥時，我的
內心話都是：「要是當年的約翰麥克連，你們早就不知道被幹翻幾輪了。」連最後出來開
槍幹掉赦免者，都像是出自於尊重一個前輩大牌演員的安排，歲月真的不饒人啊，突然一
陣心酸。看完之後想想自己的一個半小時，更心酸了。

--
              龍破斬 ドラグ‧スレイブ
黃昏よりも昏きもの               血の流れより紅きもの
時の流れに埋もれし               偉大な汝の名において
我ここに    闇に誓わん           我等が前に立ち塞がりし
すべての愚かなるものに           我と汝が力もて
等しく滅びを与えんことを

--
",2020-10-25 12:15:12,[負雷] 綁票追殺令
tuhsiaofu (老虎桑),"
美國俄亥俄州全國家禽比賽是所有養雞人朝聖之地，每位飼主莫不摩拳擦掌，細心打扮自己
的愛禽，希望能「得冠軍，拿金牌，光榮返鄉」！

本片除了紀錄了幾位養雞人培育雞隻的過程，也側寫他們與家人之間的關係，觀眾也可以順
便學習到養雞的小常識與雞種的英文名稱，例如：來亨雞，leghorn。

家禽在展場上爭奇鬥艷，場下飼主的心情也隨著評審計分忐忑，誰說玩物喪志？套一句已故
的李國修老師的話：「人一輩子做好一件事就功德圓滿了。」



--
",2020-10-25 11:18:42,[普雷] 養雞人 Chicken People
glenna9305 (凡雲),"


在看《親愛的房客》這部電影時，
不斷想起小童星白潤音在電台訪問時說，



確實形容得很精準。
電影中那些最動人溫暖的時刻，
都來自沒有血緣關係的兩方，
那不只是單方面的守候或保護，
而是雙向的珍惜與認同，
他們鮮少開口說出「我愛你」，
然而每個舉動都出自於愛。


雷文防雷資訊頁



~*-*~*-*~*-*~*-*~*-*~*-*~*-*~*-*~*-*~*-*~*-*~*-*~



~~~~~~~~~~~~~~~~~~~ 雷文 主文分隔線 ~~~~~~~~~~~~~~~~~~~~~~~~~~~~~~~~~





在這部電影中其實觸碰到了很多議題，
同性伴侶所遭遇的日常歧視，
慢性病老人的長照問題與心理壓力，
失去親愛之人的疼痛與悔恨......
每一個都是沈重難解的社會問題，
然而導演用舉重若輕的方式，
將整部片的焦點回歸於人與人之間最純粹的「愛」，
雖然因此不免刪減了一些角色的戲份，
然而這樣的去蕪存菁讓人更容易被那份濃郁的親情給觸動。


這是個一不小心就容易流於煽情的題材，
這樣曲折的愛情與別離要催人淚其實並不困難，
然而導演卻刻意用一個節制的方式去呈現，
但正是因為這樣的收斂，
讓整部片更顯得餘韻深遠，
後坐力強勁。

我特別喜歡日常與山景的強烈對比：
主角們的家坐落於基隆港，
在瑣碎的生活中時不時能聽見汽笛的聲響，
還有那總是顯得有些憂鬱的海，
彷彿在暗示著看似平凡的生活下暗潮正在洶湧。
而合歡山的壯麗遼闊則讓一切都變得夢幻了起來，
那其中也的確穿插著健一與立維的美好回憶；
然而如此美麗的山也可能在下一瞬間變得危機四伏，
大自然的殘酷在於即使他奪去你最珍貴的東西，
你也無法將目光抽離它的美。


三個主演的選角也是一時之選。
白潤音的「厭世」臉，
格外適合悠宇這樣一個在小小年紀就經歷太多失去的孩子，
想要依戀健一卻又害怕再次失去的不安導致彆扭，
他拿捏得很好。
陳淑芳的演技不用多說（竟然還沒有得過金馬獎我真的很驚訝），
除了將糖尿病患者的苦痛與絕望詮釋得絲絲入扣以外，
她跟莫子儀間好幾場戲張力十足，
也都是我的哭點。

而我必須說林健一這個角色根本是為了莫子儀量身打造，
這個角色的複雜度可以讓小莫的演技實力全然展現出來，
他可以僅僅依靠眼神就表現出健一的隱忍、委屈、懊悔、孤獨，
但在深不見底的憂鬱之下，
仍然有些幸福的微光支撐著他，
讓他能夠偶爾展露出溫柔的笑容，
能夠繼續去付出，繼續去愛。


最後我想誠摯地推薦這部電影給你，
它或許不是那麼高潮迭起，
或許不是那麼讓人感到痛快，
它更像是一個深深的擁抱，
告訴我們即使天地有那麼多不仁，
即使我們曾經破碎一地，
仍然有人願意將我們拾起，拼回，好好珍惜。


--



部落格：
粉絲專頁：


--
",2020-10-25 11:10:47,[好微雷] 親愛的房客：愛是一切的原因
pink02 (),"
雷文防雷資訊頁



~*-*~*-*~*-*~*-*~*-*~*-*~*-*~*-*~*-*~*-*~*-*~*-*~



~~~~~~~~~~~~~~~~~~~ 雷文 主文分隔線 ~~~~~~~~~~~~~~~~~~~~~~~~~~~~~~~~~

身為也曾是醜女被全班霸凌=>努力減肥的我 看完還蠻有感觸的

先說優點

整部片雖然是動畫 但劇情流暢度還不錯

""前面“的驚悚度也很好

一下子就把劇情推進到肉不夠用的囧境XDDD

還以為要等女主角紅了 才會發生此事

而且也不落俗套 一般不都是醜女但是心地善良嗎XDDD

總之前半部還算是有點符合期待的驚悚

但到了後半部 已經變成完全不合常理的伊藤潤二獵奇風了

雖然我沒猜到會長就是男主角本人

不過到底為何人的器官被割下還可以獨立存活啦!!!

還是一切都是男主角幻想阿???

然後有個疑問是妹妹用整溶液變性再成為男主角嗎???

總之這部片還是推啦~~~




--

facebook: 

Blog: 

Youtube頻道: 

--
",2020-10-25 10:15:01,[微好雷] 整容液 從驚悚到獵奇
alice910265 (Alice玲子),"
雷文防雷資訊頁



~*-*~*-*~*-*~*-*~*-*~*-*~*-*~*-*~*-*~*-*~*-*~*-*~



~~~~~~~~~~~~~~~~~~~ 雷文 主文分隔線 ~~~~~~~~~~~~~~~~~~~~~~~~~~~~~~~~~



大聲宣告自由的做自己、自由的去愛固然很好，但這真的是我們能評判別人的選擇與價值
觀的依據嗎？

看別人寫的房客心得，我突然想到健一的那個內疚，起於他的嫉妒。不論立維是不是真心
愛著他的前妻，是同或是雙，出櫃這種事情本來就不該由旁人來說，不是嗎？或許健一是
立維的最愛，但他選擇放棄愛情的時候，也願意對自己的妻子忠誠、並且做一個好爸爸…
這世上多的是不是彼此最愛的夫妻，不是事事都坦承的伴侶，在立維的價值衡量上，他的
道德瑕疵有這麼嚴重嗎？

立維的意外一方面是他對自己體能的高估，一方面是情緒上一時的不能接受…他犧牲自己
的愛情，遇到了喜歡的女性，才有了悠宇，或許給悠宇最好的，就是他生活的動力。與前
妻離異，再與健一復合，原本以為失去了什麼又得到愛是一種幸運，但得知了原來是這份
愛讓原先的犧牲失去意義…立維怎麼想呢？他一定是非常混亂的。

健一怪他、怨他都沒關係，但是影響到家庭就不行…立維一個念頭轉不過去，所以他沒辦
法再跟健一處在同一個環境，他必須離開一個人靜一靜。而身體的狀況在這時候爆發出來
，急性高山症最終奪去了立維的性命。

也許立維的逝去不全是健一的責任，但健一心裡一直過不去。一方面自己在山上與立維爭
執造成立維情緒不穩、一方面自己的愛人在眼前失去性命卻束手無策，極大的罪惡感啃食
健一的內心，他明白悠宇幾乎是立維辛苦活著的寄託，所以健一只能「變成」立維，代替
他活下去，自己也才能活下去。

混合著對立維的愛和間接殺死愛人的罪惡感，健一彷彿自虐般的忍受著「婆婆」的情緒勒
索，照顧立維的母親和小孩。於是可以理解電影一開始健一在王家的卑微與壓抑，是一種
自我懲罰。

我們觀眾看到的是健一不斷的付出，所以心疼，但驅動健一這麼做的原因，不只是愛。他
也有忍受不了、覺得寒冷的時候，只能藉著約炮、生理上的溫暖來獲得一點安慰，但他的
心始終走不出來。當立維的母親和孩子逐漸接受他成為家人，允許他叫一聲「媽」和喚他
為「爸爸二號」，讓他可以稍微走出來的時候，長輩又因為害怕自己成為晚輩的負累而選
擇結束生命。

「婆婆」走了，王家房產又過戶給悠宇，而健一剛好收養了悠宇…在立綱的眼中，很難不
懷疑辛苦五年沒名沒份照顧母親和姪子的健一，是不是苦盡甘來的「有所圖」。殊不知健
一的內心反而更加的千瘡百孔。

於是健一在偵查庭上毫無辯解的直接認罪。一方面內疚於，如果不是他順著病人鬧情緒不
去就醫來合法取得止痛藥、轉而非法購買藥物，不是他在悠宇前面收藥丸，或許憾事也不
會發生；另一方面，跟立綱一樣，他也只有悠宇了…這過失殺人的罪，難道要影響悠宇一
生嗎？健一不過是想保護家人，他自己怎樣都沒關係了。

—

演的好真的不用太多台詞，剪接夠好故事就能成立而且很集中。當然導演/編劇功課做得
足夠才有底氣，又有足夠的素材去選擇（監製表示都是錢QQ）

我覺得故事在悠宇告訴檢查官真相的時候，就結束了。最後只是溫暖的表達了悠宇對健一
的愛，解放了健一對自己的桎梏，也呼應了健一對立維的愛。

我能理解健一的職業可以做出這樣貫穿整部電影，並連結過去、現在、未來的設計，雖然
我感覺收尾稍嫌矯情了，比較適合做為跑製作名單時的彩蛋（到底有多愛減法XD）

—

小莫哥的角色當然哭點很多，但就是心疼這個角色的默默流淚…讓我大爆哭其實是淑芳阿
姨。

不是在跟小莫對戲、問兒子有沒有幸福那邊，而是阿姨演糖尿病病人的那個狀態…隨著病
情加重累積上來的情緒和思慮，我已經隱約知道可能是這樣的結果，所以在阿姨視網膜病
變的那場戲一開始，就直接大哭了。

那種反反覆覆的態度所掩蓋內心深層的恐懼，不敢面對事實只能掩耳盜鈴的求助偏方，折
磨照護者後又有罪惡感…這一系列的轉折一直到最後妥善安排好一切，彷彿燭火燃盡前的
回光返照，放棄自己來成全些什麼…我真的覺得淑芳阿姨太強了。



--

其實對我來說某片也不影響。


我覺得有一些這種成分。
也可能是不想再這樣沒有尊嚴的活著。
也可能…就只是怕痛想止痛？

我自己是不覺得只有怕痛想止痛那麼單純。
之前止痛藥亂吃把腎功能都吃壞了。


導演凸顯了每個角色明亮的那一面。


三位家人都很出色。
只是根據個人經驗與感受，
我自己受到的震動大小是陳、莫、白這樣的順序。

「利用」的可能性在健一跟立綱之間製造了一個懸疑的衝突，這一個設計很有巧思。最後
可能誰也沒有要利用誰，只是站在不同立場為悠宇著想；又或是被世俗定義的親情給綑綁
，無血緣者只好無奈承受這物理距離…就看觀者怎麼解讀。


但影帝CP（喂）真的好登對喔...


我記得導演訪談好像有提到
其實有拍健一收到收養失敗的文件
理由應該是前者？

有機會去QA的版友幫忙問一下導演好嗎？XD


感覺這婚姻搖搖欲墜，健一或許推了重重的一把。前妻覺得被騙婚、想要擺脫這惡夢而不
聞不問的可能性不是沒有。但立維是不是對前妻完全沒有愛？從立維的反應、送前妻和健
一類似的飾品，我覺得並不是那麼簡單說不愛的。畢竟，「你害悠宇沒有媽媽」是很重的
指控。


更開放的想，假如立維是雙性戀呢？也許他跟健一分手後，也愛著前妻才結婚有了悠宇呢
？只因為前妻是異性戀，立維覺得沒有必要透露他的真實性向，直到前妻從健一那裡得知
？到底立維是真的騙婚利用前妻，還是被前任出賣隱私，導致無可挽回的婚姻破裂？

當然，生活的辛苦對婚姻的影響很大，只是感覺立維對家庭是很有責任感的一個人，所以
在得知健一行為的當下，原本自己婚姻失敗對孩子的愧疚，轉為對健一的憤怒，也是人性
的一種表現。


二刷再順一次立維健一兩人的關係。

前面約去爬山、問近況再當「房客」，一起照顧悠宇，都是離婚以後發生的。出事那天晚
上因為一條很相像的琉璃珠，立維才發現健一知道他前妻的事。

「你有follow她無名，怎麼沒有跟我說？」
立維的意思是聊天怎麼沒聊到。

「我要怎麼跟你說？你不接我電話我要怎麼跟你說？我看她無名才知道你他馬的結婚了、
你他馬的有小孩，我要怎麼跟你說？」
健一太委屈，不小心把男友消失不見，找人找到發瘋的情緒洩漏出來。

「…你有跟她聯絡喔？你跟她說了什麼？」
立維發現兩個人講的不在同一個時間線上，察覺健一可能做了什麼…

「我跟她說，你不知道你老公是gay嗎？」
健一沒辦法騙立維。

「…你怎麼可以？你害悠宇沒有媽媽！」

「對不起…」


（憑記憶可能台詞有錯請見諒）


這件事應該在健一心裡藏很久了，所以健一當王家房客和立維在樓上相擁的時候，才對立
維說：「不要對我太好」。健一心中可能覺得這份關係是破壞立維的婚姻換來的。

電影裡看不出來，立維當年是不是同時和前妻跟健一交往…以健一的情緒反應，有可能是
的，健一或許知道有一個女生存在，但沒有揭露。直到立維選擇了家庭，單方面和健一斷
了聯絡之後。

感情上立維曾經虧欠健一，所以當健一罵「你要不要臉、拿你送前妻一樣的東西送我」，
立維滿臉愧疚想要安撫，才會在得知健一有follow前妻無名的時候問怎麼沒說，還停留在
小吃醋情侶打鬧的情緒，沒想到後面…

（或許對立維來說琉璃珠有特殊意義，可是被現任知道送類似給前任的東西等於踩雷XD）

（很推板友說，與其說立維對健一憤怒，不如說是氣自己的無能，給不了情人、前妻、孩
子最好的。）


都是因為我厭煩了某些忽視結構性問題找戰犯的道德評斷，害我二刷很focus在影帝CP之
間的關係，明明是要好好看小莫哥的…不過立維久違跟健一爬山的那場、立維背對著健一
抽煙講近況「很累啊」，淳耀那個微微顫抖的手和語氣，激盪出小莫/健一既心疼又要故
作輕鬆的「我養你啊」…影帝CP真的好好看。

—

二刷就沒有爆哭了。

秀玉的去世串好時間點，其實本人有打算在家裡自然死亡的，但過程太痛苦了（畢竟她之
前在醫院打PCA止痛，應該已經用到嗎啡類的管制藥物）。如果不去醫院要拿到管制藥物
，就只能是非法管道。這根本是醫學倫理跟臨終關懷的題目啊！想想這應該諮詢居家安寧
的！才不會搞的健一跟悠宇都滿滿的罪惡感。

二刷不需要解答懸疑劇，對最後收尾也比較能共情，悠宇用歌聲回應健一的愛…小莫哥真
的好會哭啊啊啊啊！（中毒）

",2020-10-25 02:53:08,[ 好雷] 親愛的房客 關於健一的動機
Mike1203 (MrMike),"
有雷～ 還沒觀看電影先略過。




「沒有我你應該比較輕鬆吧......」
「但有你我比較快樂......」

第一次看整部戲都心疼悠宇這個角色，一個年紀僅9歲的孩子，他所承受著超乎常人的煎
熬，他會擺著一副厭世模樣，應該也是對自己的一種保護，大人的世界對他而言他無法去
想像，他只知道對他好的人就是家人，根本不會去分彼此是否有血緣，對於健一這個角色
，他是喜歡且信任的但卻也不完全了解他為何要對自己那麼要好。就是一個長住家裡的房
客叔叔，關心著自己還有奶奶的健康，面對四五年不見的小叔叔，他壓根沒有任何印象，
只知道就是個有血緣但完全不熟識的陌生人。
「怎麼的愛才是正常？沒有血緣就沒有愛嗎？怎樣是不正常？因為都是同性別所以不正常
？」故事背景是還沒有同婚的年代，還有著無名小站的時空背景。那時的大眾確實也沒現
在開放。當檢察官質問健一，你究竟和這家人是什麼關係？是房客，但房客為何還會幫他
們支付開銷打理生活，主角才坦白自己跟房東太太的兒子是伴侶，檢察官再問：「他過世
了，那你怎麼沒有離開這個家」，如果他是女生，旁人對於這一切就覺得合理了。

第二次看覺得健一這個角色付出真的太多太辛苦，因為伴侶的託付所以他無私且全心的在
照顧這個家，即便房東阿姨對他嫌棄他也不計較，愛一個人就連他所有一切都愛，即便他
都不在了。於是他承擔起所有責任，照料生病的房東太太，陪看醫生換藥、照顧年紀還小
的悠宇，外界不認同他是否能照顧這個孩子，懷疑他另有目的，質疑他的愛不完全不正常
，但全心去愛一個人究竟有何區別呢？後半段描述出健一與悠宇爸爸認識的過程，以及在
登山意外中悠宇爸爸就在健一懷中失去生命，第一次看到總覺得太不真實，眼淚好像也沒
有他與孩子那些戲來得好哭。二刷後哭到不行，根本無法想像一個你所心愛在乎的人在你
懷中失去生命跡象，而自己卻無能為力的痛。

最終的結局，孩子與健一還是分隔兩地了，就跟現實生活中那些不完美的結局一樣，對健
一而言或許痛，但也是一種救贖，不用那麼辛苦去照顧別人，卻忘了自己也需要被人呵護
。

第三次看見陳淑芳飾演的房東太太角色，她就是個深受疾病纏身且痛失愛子的悲情母親，
面對兒子的伴侶她選擇忽視，忽視他的照顧跟關心，極盡所能的去挑剔他所在的每件事，
她要讓他明白，就算他做得再多再好，她的兒子永遠回不來了，你做得好是應該，做不好
就是故意在折磨她。無能為力是最符合她的寫照，面對兒子的逝去、面對自身的疾病，她
都好像是被迫接受的一方的，只能面對卻無法改變。於是她變得挑剔難搞、刻意的擺出不
討喜的態度，但在心底她其實想了解兒子跟健一在一起的那段時間究竟是否幸福？是否真
的快樂？於是在生命的末端她開口問了，也解惑了她的難題，其實只要孩子快樂哪個做母
親的會不開心呢？

這不是個完美的結局，是個悲情到底的故事，小孩被迫的成熟去面對大人世界的紛爭、大
人失去所愛被眾人質疑的眼光、老人面臨疾病卻無法決定生死的難題，願劇中的情節在未
來的生活都能減少。




--
",2020-10-25 02:36:03,[ 好雷] 親愛的房客
overpast (噗嚕嚕),"
雷文防雷資訊頁



整場電影我的情緒都很緊繃，雖然有預期強度，

但是透過大螢幕的敘事，衝擊還是非常大。

前面幾幕已經開始聯想到韓國片經典《熔爐》，

接著是身為台南人都聽聞過的「台南啟聰學校性侵事件」，

最後是同樣影射補教名師性侵的《房思琪的初戀樂園》。

這些透過影劇、書籍揭露的不堪，都讓未曾參與其中的我們彷彿親眼目睹般膽戰心驚。


~~~~~~~~~~~~~~~~~~~ 雷文 主文分隔線 ~~~~~~~~~~~~~~~~~~~~~~~~~~~~~~~~~




想分享一下仍舊令我印象深刻的幾幕




校車上幾件外套串起來的簡陋布幕，掀開後卻是令人震驚的集體性侵，

身為女性觀眾，不自覺的代入感，是對這些行為一陣的噁心與不適，

幾乎無法想像這樣的事情如果發生在自己身上，該是多麼難以抹滅的惡夢，

而小小年紀的貝貝(陳妍霏 飾)又是如何在極度的恐懼後變相扭曲成接受這樣的事實，

在被性侵後依然無邪與加害者一起玩球，是張誠(劉子銓 飾)的疑問，

也是所有觀影者的疑問。





校車上的無聲吶喊是讓人最心碎的語言，那些正常人可以大聲求救的時刻，

他們只能選擇掙扎，還有發不出聲音的哭喊，最後是已成定局的沉默；

而毫無聽覺障礙的老師，卻選擇充耳不聞。



，非常諷刺。





被侵害的貝貝這樣說著，我看著大螢幕上她的小巧臉蛋掛著淡淡的笑容，

好像這些霸凌、性侵都只是一種神祕的遊戲，遊戲結束我們還是一如往常的打鬧玩球，

就像你追我跑這樣的輕鬆無害。

從被害者的口中，把集體性侵解釋成同儕間的玩耍，

是因為在向外求救後，被選擇漠視的師長扭曲定義後的結果嗎?

還是只有這樣告訴自己，才能忽略身體被侵犯後帶來的恥辱感。


「你也不想一個人吧，那你就跟他們一起欺負我就好。」










在王老師(劉冠廷 飾)向媒體揭露高達一百多件的性侵霸凌案件後，

校方也對此做出了懲處，並且加裝監視器，

這些校長(楊貴媚 飾)口中積極的作為，看起來卻像是毫無意義的掩飾，








有了貝貝這個粽子頭，後面一串學生冒出的自白，再一次拼湊震撼所有人的事實。

「一直被玩小鳥很不舒服。」、「學長也對我那這種事，為什麼我就不行。」、

「你們怎麼現在才來。」、「之前跟老師說，老師都不聽。」

一張張尚未成熟的臉龐，幾經情緒的波動，終於卸下防備，

承認了那些或被害或加害的過程，這才發現，







在最後一塊拼圖「小光」的身上，幾乎找不到切入點，

在訪問過程中甚至讓人毛骨悚然的笑著說：「我們只是一起玩，沒有人敢動我。」

成績優異、家境富裕的小光(金玄彬 飾)，不但不是惹麻煩的頭痛人物，

更像是一個懂得如何作惡的模範生，因此沒有人會將其與霸凌性侵畫上等號，

然而正是這份異於常人的冷靜，反而更讓人不敢去想像，究竟在他身上都發生過些甚麼。





有幕貝貝與張誠在電影院看復仇者聯盟的戲，因為店員劃錯位導致座位重複，

正在不知如何是好的當下，其他觀眾因為被擋住視線開始產生的抱怨與不耐，

讓貝貝幾乎是用逃離的姿態離開了電影院。

始終覺得自己與其他人不一樣、無法被這個世界接受的貝貝，

即使總是笑著，卻不是真正開心。

因為對自己的一切缺乏自信，所以選擇繼續回到這個從小就習慣的環境裡，

儘管知道回去了必然會被侵犯，





正如她最後試圖以密醫手術的方式來終止將來因為被侵害而受孕的可能，

因為不曉得自己還能做些甚麼，才選擇以最消極的方式接受，

彷彿是說「既然被侵犯了，那就至少不要懷孕吧」，

至於未來還會不會有更多的人和她「一起玩」，她也想不了這麼多了。





因為認為小光是始作俑者的張誠，最後無法克制的衝去爆打小光，

有一瞬間我以為他會殺人，但沒想到一段監視器的影片，曝光了小光無法言喻的傷痛。

原來小光不只是加害者，更是長達四年被翁老師(汪建民 飾)性侵的受害者，

從一開始小四還會掙扎的男孩，到最後對著鏡頭露出微笑的國二生，

這些孩子到底是多麼絕望，才把應該撕裂大吼、崩潰大哭的情緒轉換成笑容，

一種我們都知道已經生病的笑容。

聯想到《房思琪的初戀樂園》，因為無法對外講述遭受老師性侵的過程，

進而轉換成逼迫自己要愛上老師的扭曲心理，就像最後小光顫抖的說，

「看到他回來，其實我......有點開心」、「我還想......摸他」，

沒辦法接受自己心理對加害者產生這樣迷戀情緒的小光，最後終於放下所有偽裝，

回到一個不知所措的小孩問著：

「老師，我這種人，是不是不值得活在世上?」





利用聾啞學生無法開口，也無法聽見的弱點，對其盡情的逞慾，

是整部片最讓我感到氣憤與噁心的要點，

作為師職，不僅沒有因為他們比起一般聽人需要更多的關心與協助，

而是反過頭來踩住這條線，或是為所欲為，或是掩人耳目，或是選擇漠視；

而作為同儕，沒有挺身而出，沒有共同抵抗，

而是選擇視而不見，或是同流合汙，或是積非成是；

最後作為生活中的路人或甚至是他們的家人，對於這些身障生無意間流露的歧視，

或刻意追求的平等，或不友善的言詞，都是讓他們覺得自己與這個社會格格不入的推手，

因此讓人不禁反思，



最後在校車上，可以看到重新笑著的貝貝與張誠，與其他人開心的嬉鬧著，

然而最後一排卻始終有道怒視的眼神，是那個被欺侮的寶弟(范睿修 飾)，

是



開放式的結局，留給大家更多議論的空間。






電影結束後，我的心情一直沒辦法平復，

身為台南人，雖然知道前幾年發生的台南啟聰性侵事件，卻在時間浪潮下，

彷彿退潮般的印象模糊，此刻又如潮起般的席捲而來，並且是用這樣影像紀錄的方式，

無聲不是單一事件改編，而是綜合了許多弱勢角落裡的陰影，才匯聚成的巨大光芒，

得以重新照亮這些一般人無法想像的病態體制。


回家又重新翻出《熔爐》看，發現兩部片雖有相似，但敘事方式及重點不盡相同，

力道更是有別，所以如果是感受度，我覺得無聲給我的後勁是更強的，

因為這是我生長的土地上發生的事，而我卻不曾察覺它的嚴重性，

還有這些孩子們承受的一切，





--

 跟著阿魯去旅行：www.facebook.com/Lusphotgraphy/

--
我覺得我的意思比較像，希望透過影片可以有更多人關注這樣的事件，
不要看了只是憤慨後又沉默，韓國《熔爐》上映後，促使政府最後修法保障，
這是南韓在類似事件上的改變，有時候標題有更深的意涵，
不是單純看字面就解讀成我把大家當成共犯，這是很直觀的想法，不討論對錯。
但大家會上來討論分享，這就是每個人願意付出的關注方式不同，對我而言這就不是沉默
我是沒有要追求世界大同，也沒有那麼偉大情操，但是我不會看標題就下定論
如果真的看過電影，應該就能理解我說的""無聲""，是可以有所作為卻選擇沉默，
這才是標題真正的意義
原本還在嚼我的晚餐 後來慢慢湧現噁心感，最後終於放鬆下來突然覺得胃很不舒服...
",2020-10-24 22:42:14,[好雷] 在病態體制中，我們都是《無聲》的共犯
defenser (☆機械式天秤☆),"
防雷





















1.拿EX咖哩棒的亞瑟王就是要放光砲，看看他揮一劍就炸飛一排士兵。

2.圓桌騎士裡有黑人、有黃種人，政治極度正確。

3.梅林果然是個G8人，從頭到尾都躲著不出來，只叫女弟子幫忙。

4.湖之女：你掉的是這支金咖哩棒呢？還是這支銀咖哩棒呢？

5.亞龍星：燒掉妓院就是叫我睡馬路，你敢說這不關我的事！？

6.好想看亞瑟抽大麻菸。

7.維京人：亞瑟王是吧？看我們在新一代的刺○教條怎麼治你們！


整體來看就是明明很正常的劇情、卻被拍得支離破碎，浪費了演員的演技。

查理漢納真的適合演痞痞的帥氣角色，搞不好也適合演007？


--
",2020-10-24 21:50:15,[普雷] 那個亞瑟王者之劍...
bikes0616 (bikes0616),"


由〈社群網站〉、〈魔球〉、〈決勝女王〉的Aaron Sorkin所執導，Eddie Redmayne、Jo
seph Gordon-Levitt、Sacha Baron Cohen、Mark Rylance等實力派演員領銜主演，電影
改編自1968年在芝加哥所發生的反越戰示威運動，老實說看完的第一反應是「這真的是Ne
tflix原創電影嗎？也太好看了吧！」，後來上網做了一些功課後才知道，〈芝加哥七人
案：驚世審判〉又是一部被武漢肺炎拖累到徹檔，只好改成以串流方式上架，中國病毒真
的是害人不淺阿！
有
雷
慎
入
喔
.
.
.
.
.
Aaron Sorkin所擅長的快速切換場景及透過角色大量對白提供觀眾資訊的風格，在本片的
第一幕就精準的呈現，在場景快速切換時丟出龐大的資訊量，同時又要與觀眾的吸收程度
達到平衡，這其實是一種非常困難的手法，由此不難看出Aaron Sorkin的執導功夫，也讓
觀眾迅速地進入〈芝加哥七人案：驚世審判〉的背景與年代之中。
.
再來談談劇情吧，「芝加哥7人案」是1968年一群反越戰的團體集結在民主黨全國大會所
在地–芝加哥，希望透過媒體的關注來宣揚他們的理念，但不幸的是，和平示威演變為流
血衝突，而參與這場社會運動的團體「學生民主會」、「青年國際黨」、「黑豹黨」的領
袖紛紛被政府以密謀暴動所起訴，而法院及檢察機關的不平等對待，也讓這場眾所矚目的
審判淪為Political Trial。
.
雖說這是一部改編自如此沉重與黑暗的史實電影，但法院攻防卻一點都不煩悶，這得要歸
功於這些被汙名化卻依然有血有肉，堅持自己理念的被告與律師們，他們知道這是場不公
平的比賽，無論如何似乎都沒有獲勝的可能，但他們依然謹記著當初走上街頭的原因，不
卑不亢，最終即便被判有罪，他們的理念終究被世人所聽見，也贏得社會的尊重。
.
除了演員傑出的表現之外，在這種具有年代背景及歷史根據的作品中，適時地插入真實影
片是常見的做法，透過第一手的視覺呈現，不單單能更迅速地帶入作品的年代，也能有效
地讓觀影者產生與角色的連結與同理。
.
“We carried certain ideas across state lines. Not machine guns or drugs or li
ttle girls. Ideas…and for that, we were gassed, beaten, arrested, and put on
a trial. I’ve never been on trial for my thoughts before”
.
青年國際黨創辦人之一Abbie Hoffman在法院中接受辯方與檢方律師訊問時如此說道，沒
有一絲憤怒，沒有一絲激情，但一字一句卻如同子彈般，充滿穿透力，這是他對於當權者
及政府最鏗鏘有力的指控，因為社會運動而鋃鐺入獄的芝加哥七人案發生在以民主歷史為
榮的美國，也難怪常常有人說現實比電影更加荒謬。如今50年過去了，這個世界有變得更
加美好嗎？美國陷入了前所未見的分裂與對立，香港在國安惡法的打壓之下難以為社會發
聲，泰國對於皇室的荒腔走板也忍無可忍，歷史總在輪迴，〈芝加哥七人案：驚世審判〉
希望能喚醒民眾關注社會議題的同時，也讓我們學習如何聆聽這些被貼滿標籤的意見領袖
們，背後最純粹的理念，這才是民主的意義–傾聽與溝通。

--
Sent from my iPhone 7

PiTT 

--
如果喜歡看電影或是美劇，歡迎追蹤我的Instagram: curtis_movies_series 觀看最新貼
文
！
縮網址直接點 

--
",2020-10-24 21:23:01,[雷] 《芝加哥七人案：驚世審判》
a122239 (Sharp),"
部落格版：

1889年出生於東京都的岡本加乃子，被譽為是「日本近代女性文學代表人物」，她曾拜著
名女詩人與謝野晶子為師，陸陸續續發表了不少詩歌創作，後來當次子過世後，為了尋求
精神上的慰藉她接觸了佛教，不僅投入佛教研究、成為了佛教研究家，更在相關領域取得
相當大的成就，然她其實一直都想當個小說家，真正令她踏入小說領域的，是他的丈夫以
及大文豪芥川龍之介。新婚時其她的丈夫四處拈花惹草，導致岡本加乃子神經衰弱發作，
甚至還自殺未遂，其丈夫知曉後痛改前非，他為了她禁慾、允許她找別的男人，甚至還讓
對方住進家裡，展開被世人議論紛紛的三人行生活，此外，他還全心全意的支持岡本加乃
子成為小說家，而她便將自己在1923年於鎌倉碰上芥川龍之介的印象寫成了小說《病鶴》
並在1936出版，以47歲高齡正式進軍小說界。在她於1939年因腦溢血離世時，她以小說家
的身分活躍於文壇不過兩、三年的事，但她所留下的作品卻足以令她在文壇留下她的名字
，例如《母子敍情》、《金魚撩亂》，以及被認為是「日本國民必讀」的《家靈》，還有
被評價為完美短篇作品的《老妓抄》。

岡本加乃子的作品與她的人同樣受到兩極評價，她完全不符合日本傳統女性的形象，她不
溫柔不保守也不賢妻良母，可以說她違背並顛覆了當時對於「女性」的想像，可她非但不
以為意，更將這樣的生活態度與處世哲學寫進了她的作品裡，打破成見的內容衝擊文壇，
痛快淋漓的男女關係描寫唯美浪漫又超脫想像，使她擁有一席之地的同時卻也備受爭議，
直至她過世後，才有「對岡本加乃子對文壇貢獻應該重新評價，她該得到的應遠比現在還
多更多的」的聲音出現，她死後不少累積下來的作品被整理出版，最終獲得了不少文壇著
名文人、例如川端康成等人的高度評價，也有人說她的成就可與夏目漱石與森鷗外相提並
論。而今在岡本加乃子誕生一百三十週年紀念的時候，由日本與台灣兩地聯手出資製作、
由岡本加乃子兩篇作品《家靈》與《過年》改編而成的電影《戀愛好好說》於本週上映，
是曾以《跳舞時代》奪下金馬獎最佳紀錄片的導演郭珍弟的最新作品。


《戀愛好好說》總共分成了三段故事，分別是姚愛寗與邱志宇主演的《越年》、峯田和伸
與橋本愛實主演的《山形》，以及余佩真和吳宏修主演的《撩亂》。就好像岡本佳乃子於
《老妓抄》的所寫的、亦是最末章《撩亂》最後余佩真所飾演的茉莉的一段獨白，「風為
了吹而吹，浪潮為了漲退而漲退，男女為了戀愛而戀愛...」，莫非世間男女之間的情愛
之事都是如此平庸而無趣的嗎？《戀愛好好說》裡的三段故事或許承襲了岡本佳乃子的原
著精神，都是不那麼一般的愛情故事，《越年》靠一個巴掌來傳達愛意、再靠一個回敬的
巴掌燃起愛意；《山形》談了一場相互試探後確認彼此心意、即便背負著好友信中「你是
真不知道還是裝不知道」的埋怨也不願再次錯過的戀愛；而《撩亂》裡看見了人面對已逝
之人與即將消逝之事物的逐漸空虛，是否會因有個人出現替自己重建並維護、告訴自己這
些回憶之珍貴，進而產生情感愛上對方的可能？

超脫想像的男女關係發展，注定讓觀眾得花上好些時間去消化、去理解、去認同這些角色
，好不好看見人見智，但確實滿奇妙新奇的。

三段故事中《越年》應該是裡頭最短同時也最有趣的一段。杜小蘭和同事吳英樹是平常完
全沒有任何交集，唯一的關係只是同在一間公司上班的同事而已，然而某一天下班的時候
，吳英樹看到她卻直接朝著她左臉打了一巴掌，接著什麼話都沒說轉身就走，留下跌坐在
地錯愕的杜小蘭與剛好經過的女同事葉娜，杜小蘭在葉娜的支持下決定找吳英樹問個清楚
，然而她們卻從主管的口中得知吳英樹已經離職準備回去吉隆坡，於是她們打算趁著他還
沒離開前先找到人，她們在吳英樹租屋的地方、也就是迪化街多日尋找、守候，終於讓她
們成功找到人，而杜小蘭也不客氣的回敬一巴掌，可是她依然不知道無冤無仇無交集的吳
英樹為何要打她，直到她在年後收到了一封來自吉隆坡的信，她才知道原來吳英樹暗戀著
自己，只是自己不敢開口甚至害怕說了之後被拒絕，也擔心自己離開後會被杜小蘭忘記，
與其這樣不如逆向操作，靠一巴掌讓她記住自己，或是即使會忘記也是很久之後的事..


《越年》非常有趣的是，這一巴掌的策略竟然奏效，杜小蘭非但如吳英樹所願的記住他，
甚至還因此對他感到好奇、產生「或許跟這個人在一起會滿有趣的」想法，最後她獨自飛
往吉隆坡，在見到吳英樹之前，她先去了吳英樹很喜歡的影星、歌星白光位在士毛月富貴
山莊上的琴墓，在那裡她和幻想中的吳英樹跳著舞，兩個人一個又一個的巴掌戶甩對方，
痛又愉悅著。當幻想結束杜小蘭一人站在沒有人在的墓園，《越年》結束。神展開的劇情
令人措手不及，可越看越覺得有趣，對於吳英樹的逆向操作告白法，以及杜小蘭著迷於這
難以解釋的情感裡感到新鮮，這樣顛覆常人想像的戀愛可能，是岡本佳乃子所認為人不該
平庸活著、不該平庸愛著的延續，但是當然的，在現實生活裡岡本佳乃子的「不平庸」是
很難被接受的，不是說不可能發生而是機率太小，小到我們都只適應了能料想到、能被掌
握住的戀愛可能，那些會讓自己腦袋當機的言行舉止，恐怕還不是那麼容易被接受，像是
現實生活裡如果有了賞了自己一巴掌，相信沒多少人會因此對對方產生好感甚至愛上對方
吧？

《山形》與《撩亂》兩段相比之下我比較沒那麼愛，因為跟《越年》比相對驚喜不大，應
該說是「意料之外」的太少，不論是寬一和小碧還是茉莉與李正男的發展，都不是到我認
為看了岡本佳乃子這麼多資料與初步對她就男女關係的看法之理解後，會讓人耳目一新的
戀愛編排。而以《撩亂》這段來說，我個人覺得整段故事缺乏說服力，觀眾很難理解茉莉
與李正男之間的情感變化，特別是茉莉的心境轉折，她對李正男的情感萌生的契機？因為
李正男決定把老房子留下，並將自己兒時與母親的回憶重建再開張的理由？前面觀眾看見
了茉莉的倔強與堅持，對李正男的建議愛理不理的樣子，實在不覺得一夜激情過後還會有
餘溫殘留。其實轉折太快、缺少說服力這點在《越年》裡也是，但是至少《越年》是有跡
可循的，可在《撩亂》就見不著跡象，兩人發展似也無法以片末茉莉的獨白「男女為了戀
愛而戀愛」為註解，稍微勉強了點。

--


因為很喜歡看電影，
或許不是寫得很好，
不是所謂的專業影評，
只是很單純的想把看完電影後的想法用文字述說出來。

--
",2020-10-24 17:37:59,[普雷]《戀愛好好說》，為了戀愛而戀愛，不是먠
ohdice (骰子),"




雷文防雷資訊頁







~*-*~*-*~*-*~*-*~*-*~*-*~*-*~*-*~*-*~*-*~*-*~*-*~










~~~~~~~~~~~~~~~~~~~ 雷文 主文分隔線 ~~~~~~~~~~~~~~~~



昨天去看了無聲
雖然努力的告訴自己這只是一部戲
但是無聲就是就是改編自真實事件
想到還是很火大
先放下怒氣紀錄一下值得紀錄的事情
幸運的剛好遇到映後導演柯貞年跟男主角劉子銓來現場
所以有幸更理解導演想傳達的東西
這邊就重點記錄一下
但還是會有劇情的雷

圖文網誌版在這



先來講一下角色

張誠：
男主角做為一個轉學生，以男主的視角來切入故事，是非常好的選擇，因為我們也跟他一樣不知道發生了什麼事，張誠做為最大的劇情推進器，也因為有他的介入，真相才漸漸顯露出來，不過我還是覺得他的人設有一點怪，好像也不是那種超正義的人格，因為他第一次看到還是任由事情發生，當下沒有阻止我真的有困惑，他只是喜歡貝貝所以衍生出的一系列舉動嗎？


第二次很困惑的是寶弟的事情，他真的覺得這樣可以保護貝貝？他自己不知道他這樣做，跟小光那一夥人有什麼差別，他等於被加入遊戲裡面，只是他侵犯的人不是他喜歡的人而已，總覺得這裡他至少要很奮力掙扎過，太乾脆真的有點怪啦XD 但劉子銓演得很好啦～或者是觀眾看到的版本真的剪掉太多東西，導致會有這些小疑問嗎？

貝貝：
女主角貝貝真的讓人覺得心疼，我能明白她想裝沒事，繼續待在自己的舒適圈的心情，因為外面的世界讓她覺得更可怕，而且她求助了也沒人要理她，所以當張誠抓著他去找王大軍老師，她一開始堅持不說，到說出來開始哭真的是超級心疼，最後她去醫院動手術，我覺得也算是她面對問題的一種方式，雖然不是很正確，但她終於意識到她必須保護自己！


小光：
我是信號狂粉，金玄彬怎麼長得跟小時候的臉一模一樣啊！小光這個角色有超多發揮的空間，前半段會覺得他到底是有病嗎？後面開始了解到不對勁，他對監視器笑的畫面真的太毛了吧～天台那場戲也發揮的很好!


剛好映後會有問到，小光對翁老師的感情，導演有回覆沒有要刻意寫他是斯德哥爾摩症候群，更多想表達的是小光在正值青春期性啟蒙的時期，遇到的對象大大的影響他，所以產生了看到他有點開心，但是我應該要恨他這樣的複雜心情，進而懷疑自己是否有問題，是不是變態，做出了自殘的舉動，我覺得小光這個角色的心境超值得探討，是立體感最強的角色。


講完了對角色的理解，想講一下這部戲的議題跟隱喻，有些是我自己的聯想，也不確定導演的目的，但大家可以一起討論啦～

1.自我認同：平視的目光

導演有提到主要想傳達平視的目光，聽人自以為的體貼對聾人都是沒必要的，這樣反而更讓他們覺得自己被當異類，
「比起聽不見，我更害怕外面的世界。」從貝貝口中說出，她寧願發生不愉快的事，也不想到外面的世界，甚至開始質疑自己，小光也在質疑自己，張誠也覺得媽媽是在可憐他，或許他們的自我認同跟平視的目光被綁定在一起，善待每個人是我們唯一能做的事


2.不再袖手旁觀

「無聲不可怕，可怕的是選擇無視的人！」
貝貝說：我有大叫，可是他們聽不到，聾人聽不到就算了，真的可以幫助的聽人也選擇無視，柯貞年導演有說這部戲就是希望大家不再袖手旁觀，本劇是改編真實案件，大家可以去查查，看了會更氣。


3.八仙過海中的何仙姑

八仙過海在劇中一直被出現，稍微查了一下加上自己猜想，是不是八仙都是民間百姓修煉成仙的故事，象徵著貝貝內心的希望呢？

貝貝最喜歡的何仙姑，是八仙中唯一的女性，何仙姑的傳說是她成仙後，還是會掛念民間疾苦，善良人需要他的幫助，她就會像及時雨一樣出現，

劇中何仙姑出現兩次，一次是貝貝在校車內第一次被侵犯後，一次是張誠急著要去阻止貝貝出車禍倒地流血，感覺都是他們兩個最絕望的時候。

還有何仙姑的法器是荷花，荷花最出名的就是出於泥而不染了吧～感覺也是貝貝對自己的期許


4.結尾的寶弟

這就是一個很好的隱喻，事件是不會停止的，看似一件事告一個段落，但如果只是解決事件本身，沒有解決每個人心理的問題，
就像校長花很大力氣把翁老師弄走一樣，沒有解決小光的心理問題，結果就是繼續惡性循環，結尾的伏筆就是留給人們去思考，我覺得滿不錯的!



聽說電影院的版本是剪了很多，敘事線整體比較跳躍，雖然還是能感受到導演想傳達的事情，但有機會看完整版感覺會更衝擊，
這麼硬的議題需要大家多支持，這是真實發生的事件改編，有多達164件的案件發生，但這些選擇不聞不問，敷衍了事的校方人員根本沒得到什麼懲罰，真的是讓人心寒，
希望有一天不會再有人的聲音不被聽見。


--
對啦～可能小孩子不知道要怎麼辦，但我以為小孩子會更直覺的喜歡跟討厭，用直覺去做事情欸
",2020-10-24 17:19:11,[好雷] 無聲-無視比無聲更可怕
f1935tpl (三民李連杰),"
《火燒島》(1991)


三民李連杰我

已經感動到痛哭流涕

眼淚滴滿了電腦鍵盤


為什麼?

因為

我實在是太榮幸能夠為所有熱愛電影的朋友們

介紹這部我們的台灣之光的超級經典電影《火燒島》!


這部電影真的是我們的台灣之光

柯俊雄出品!

王羽監製!

朱延平導演!

電影幕後高層全都是我們台灣人!

號召了香港與台灣所有超級巨星

共同製作與演出了這部《火燒島》

香港超級巨星  成龍+洪金寶+劉德華+梁家輝

台灣超級巨星  庹宗華+柯俊雄+王羽

等人領銜主演




好聽的主題曲:

一顆流彈打中我的胸膛
剎那間往事湧在我的心上
只有淚水沒有悲傷
如果這是最後一槍
我願接受這莫大的榮光

《火燒島》的劇情非常簡單明瞭

一群來自各路的英雄豪傑

宛如水滸傳一樣

各自因故被逼入梁山(火燒島的監獄)

最後發現原來一切都是一場大陰謀

動作場面乾淨俐落

攝影音效不拖泥帶水

整部電影看完讓人大呼過癮

豪華的超級巨星陣容更是上個世紀之最!

連電影中的一些小配角都是香港或台灣的超級巨星或實力派得獎演員


1991年

正式香港影壇的超級巔峰

台灣影壇也跟上順風車大紅大紫

在那個電影產業發達的年代

三民李連杰與同學...等等一眾年輕人說要讀電影相關科系  以後投身電影產業

師長都大力支持贊同

因為那是個連小小的片場助理都能拿到超滿意的年薪以養家糊口的電影產業巔峰年代


《火燒島》轉眼間已經過了快30年了

當年年輕氣盛的超級巨星們  現在都已經步入老年當人家阿公了

三民李連杰也從當年稚嫩的青年  變成只能每天碎碎念懷念經典電影的專業觀影人了

致

那永遠經典的電影年代


三民李連杰我這個人一向淡薄名利

跟《火燒島》的台灣人電影高層與一眾港台巨星後來有了什麼交集

相信大家以前也聽我碎碎念講過了

這邊就不再重複了

我這個人一向淡泊名利

來批踢踢發文分享經典電影心得只是我的興趣


一個真心熱愛電影的觀影人

字裡行間無不顯露出熱愛電影的真心

這是拿錢辦事或當作工作的寫手永遠無法企及的高度與成就


三民李連杰告辭

咱們再見

--
高雄三民李連杰
顧名思義來自高雄三民
偶像是功夫皇帝李連杰
可能是從小看李連杰的電影看久
耳濡目染之下長大後也變得像李連杰一樣帥氣
常被高雄三民的單身少女少婦誤認為李連杰本人

--
",2020-10-24 17:15:08,[台灣之光雷]成龍+洪金寶+劉德華+梁家輝=火燒島!
Tsai07 (奇門遁甲),"
Netflix上映看的，
其實一直不是很想看這部，
尤其是色刀的為人更不想看，
某天太無聊了又不知道看什麼就點來看看，
然後看了20分鐘後我決定邊配遊戲邊看。


我看過原版小說，
當時小說的描寫個人覺得還不錯，
至少有某些部份讓我感動到。

這部電影整部充滿著尷尬，
而且是你約人家一起看會更尷尬的那種，
劇情的剪輯奇爛無比，
根本跟小說不一樣，
可以想成是一個中二感100分的幼稚成人，
整天被打以為會變強，
演出只有尷尬感而已.....


花時間看這部還不如去看與龍共舞，
還是賭神都來得好，
至少浪費生命的感覺沒那麼重。

--
",2020-10-24 16:02:02,[超負雷] 打噴嚏 不如看與龍共舞...
ad56 (sup),"
雷文防雷資訊頁



~*-*~*-*~*-*~*-*~*-*~*-*~*-*~*-*~*-*~*-*~*-*~*-*~



~~~~~~~~~~~~~~~~~~~ 雷文 主文分隔線 ~~~~~~~~~~~~~~~~~~~~~~~~~~~~~~~~~

我一開始其實對這部完全不抱期待的
尤其因為看過漫畫，而且滿喜歡的
那時候聽到有真人版的消息的時候真的很怕
但拗不過真的是這作品粉絲的朋友，還是跟他去看了
然後，超好笑 XDDDDDD

可燃白開水真的是看幾次都會笑
本來以為這種搞笑作會在看第二次（第一次漫畫、第二次真人版）的時候減少很多笑點
但沒有，還是超好笑
尤其在電影院裡大家跟你一起笑真的是 XDDD 天啊 XDDDD
致敬你的名字那段也是，笑到黑姑

故事本身很棒，演員的表現也都很好
看完的時候整個人都有種輕鬆感
節奏、剪接的方法跟表現手法都不錯
如果是因為擔心它被慘遭真人化的人不用擔心，可以放心進場看 xD

Vamos!!

--
",2020-10-24 15:58:20,[好雷] 碧藍之海劇場版 - 終於不是慘遭真人化
